lakecode,lakename,Latitude_dd,loglat,Longitude_dd,Longitude_standard,loglong,Elevation_m,logelev,SurfaceArea_km2,logSA,MeanDepth_m,logMD,airtemp_trend,precip_trend,ID slope,ID slope p,obs,ID_var
ASK01,LAKE MJOSA - KISA-KAPP,60.7709675,1.783696151,11.0239687,150.8077459,2.178423649,121,2.08278537,365,2.562292864,153,2.184691431,0.0135,-0.29435,0.186046512,0.386401024,63,795.7086534
BIR1,LAKE BALATON,46.88183838,1.671004633,17.83831935,157.6220966,2.1976171,104,2.017033339,596,2.77524626,3,0.477121255,0.030119047,-0.108223065,-0.436507937,0.465314088,32,797.4344758
DD01,SAND LAKE,45.92,1.662001879,-92.18,47.6037772,1.677641414,304,2.482873584,3.755,0.574609941,6.4,0.806179974,0.043382352,0.233148333,-0.4,0.178177031,26,303.6246154
DML1,LEJ DA SAN MUREZZAN,46.49367459,1.667393872,9.846736107,149.6305133,2.175020166,1768,3.247482261,0.78,-0.107905397,25,1.397940009,0.028117559,-0.164779286,-0.408333333,0.431998015,17,118.8897059
DML3,LEJ DA SEGL,46.42035333,1.666708442,9.738537012,149.5223142,2.17470601,1797,3.254548077,4.1,0.612783857,33.5,1.525044807,0.008232323,-0.288823529,-0.111111111,0.419205179,43,132.7763012
DMR1,LAKE MENDOTA,43.12837789,1.634763124,-89.42022411,50.36355309,1.702116361,259.1,2.413467413,39.377,1.595242626,12.8,1.10720997,0.012013219,-0.012213944,-0.108893281,0.01182001,113,300.9578066
DMR2,LAKE MONONA,43.06709696,1.634145598,-89.36644349,50.41733371,1.702579875,257.5,2.410777233,13.24,1.121887985,8.2,0.913813852,0.007145571,0.057828235,-0.183941998,2.94E-05,113,280.5041087
EC01,BASS-PATTERSON LAKE,45.9448744,1.662237069,-91.62915952,48.15461768,1.682637939,348,2.541579244,0.761,-0.118615343,4.7,0.672097858,0.023888888,0.5355575,-0.636363636,0.246057248,19,241.1754386
EK10,LAKE VATIANJARVI (1423),62.46666667,1.795648332,25.88333333,165.6671105,2.219236298,89,1.949390007,6,0.77815125,4,0.602059991,0.001856725,0.135628361,-0.217391304,0.031062442,83,356.9136056
EK11,LAKE KOIVUJARVI (1425),63.46666667,1.802545689,26.25,166.0337772,2.220196448,130,2.113943352,26,1.414973348,7,0.84509804,0.018525641,0.090512692,-0.05,0.80297452,42,178.8199768
EK13,LAKE NILAKKA (1429),63.13333333,1.80025872,26.55,166.3337772,2.22098045,102,2.008600172,163,2.212187604,6,0.77815125,-0.000848485,0.048451712,-0.2,0.285577708,48,262.7021277
EK17,LAKE PETAJAVESI (1450),62.23333333,1.794023063,25.2,164.9837772,2.217441242,111,2.045322979,12,1.079181246,5,0.698970004,0.008245614,0.1,0.1875,0.384030735,50,351.7065306
EK18,LAKE SALOSJARVI (1451),62.11666667,1.793208142,25.2,164.9837772,2.217441242,102,2.008600172,8,0.903089987,4.46,0.649334859,0.00871875,0.159469375,0.057189542,0.693902266,41,223.847561
EK25,LAKE OULUJARVI (5932),64.33333333,1.808436054,27.33333333,167.1171105,2.223020918,123,2.089905111,928,2.967547976,8,0.903089987,0.039010416,0.030116842,0.333333333,0.385561317,31,225.5892473
EK27,LAKE KIVIJARVI (1408),63,1.799340549,25.16666667,164.9504439,2.217353489,118,2.071882007,154.026,2.187594037,8.36,0.922206277,0.002154558,-0.23,-0.660714286,0.535955526,17,295.9044118
EK3,LAKE KOLIMA (1405),63.2783635,1.801255239,25.75716897,165.5409462,2.218905433,111,2.045322979,105,2.021189299,9,0.954242509,0.018840579,0.115858636,-0.15625,0.42220858,42,172.7433217
EK9,LAKE KIIMASJARVI (1421),62.62761325,1.796765861,25.49830156,165.2820788,2.218225766,107,2.029383778,4,0.602059991,9.1,0.959041392,-0.022777777,-0.9111125,-1,0.591505037,10,113.6
GW202,RUNN,60.53042075,1.781973693,15.65327723,155.4370544,2.191554558,106.8,2.028571253,64.7024,1.81092039,8.3,0.919078092,0.011993589,0.157475392,-0.201851852,0.027009157,81,411.7919753
GW240,ORSASJON,61.07247475,1.785845519,14.54801963,154.3317968,2.188455413,159.9,2.203848464,52.827,1.722855948,17.3,1.238046103,0.01490196,0.060877105,-0.214285714,0.143389412,58,303.8139746
GW341,NACKTEN,62.82382675,1.798124387,14.63117254,154.4149497,2.188689344,323.95,2.510477984,84.2389,1.925512687,15.5,1.190331698,0.011121795,0.063587917,-0.14,0.039298427,90,269.7988764
GW369,KALLSJON,63.56777875,1.803237036,12.97718981,152.760967,2.184012399,380.525,2.580383195,156.3551,2.194112052,40.1,1.603144373,0.008958333,0.056485306,-0.205128205,0.008116469,94,522.9659117
GW484,STORUMAN,65.2615295,1.814657248,16.70974942,156.4935266,2.194496378,350.125,2.544223122,163.47221,2.213443934,25.6,1.408239965,0.007826087,0.13193,0.305555556,0.042091951,51,205.4666667
GW512,GOUTA,65.61206525,1.816983708,15.5179385,155.3017157,2.191176254,438.63333,2.642101629,31.5935,1.499597741,17.2,1.235528447,0.006001871,0.086207974,-0.213525836,0.000662536,88,207.9162748
GW592,JUKKASJARVI,67.82508,1.831390315,20.70512184,160.488899,2.205444998,322.35,2.508327675,13.50505,1.130496196,9.6,0.982271233,0.010983245,0.146031227,-0.181186869,2.54E-05,105,163.924359
HB01,MIRROR LAKE,43.9436421,1.642896049,-71.69299041,68.09078679,1.833088352,213,2.328379603,0.15,-0.823908741,4.8,0.681241237,0.046284721,0.0719445,-0.481481481,0.009174707,38,141.1237553
JD01,LAKE KEGONSA,42.96564792,1.633121365,-89.25144033,50.53233687,1.703569383,256.95,2.409848622,12.99,1.113609151,5.18,0.71432976,0.02175,0.014245128,-0.5,0.002844124,51,298.9937255
JGL01,SPIRIT LAKE,43.47709337,1.638260502,-95.10176239,44.68201481,1.650132748,427,2.630427875,4.31,0.63447727,2.3,0.361727836,0.017393729,0.318692306,-0.355042017,0.024522708,53,278.2177068
JGL02,EAST OKOBOJI LAKE,43.39,1.63738965,-95.1,44.6837772,1.650149878,426,2.629409599,7.46,0.872738827,3,0.477121255,0.00164665,0.021202183,0.06155303,0.348202428,92,244.2535834
JGL03,WEST OKOBOJI LAKE,43.39,1.63738965,-95.16,44.6237772,1.649566329,426,2.629409599,15.65,1.194514342,11.5824,1.063798559,0.001076923,0.032028986,-0.022988506,0.643305232,91,219.7264957
JJM1,ALLEQUASH LAKE,46.03668734,1.663104066,-89.62049582,50.16328138,1.700385938,494.2,2.693902741,1.684,0.226342087,2.9,0.462397998,0.022159722,-0.300804119,-0.569230769,0.049560173,32,279.03125
JJM10,NORTH TWIN LAKE,46.04679463,1.663199404,-89.1415281,50.6422491,1.704512985,512.67,2.709837904,11.26,1.051538391,8.53,0.930949031,0.091999998,-1.501874375,-0.65,0.680041838,12,323.719697
JJM11,(BIG) LONG LAKE,45.75,1.660391098,-91.65,48.1337772,1.682449943,373,2.571708832,13.32,1.124504225,7.92,0.898725182,0.028981481,-0.055555,-0.285714286,0.515680316,22,87.61038961
JJM14,LAKE SHISHEBOGAMA,45.89739739,1.66178806,-89.81884176,49.96493544,1.698665331,479.7,2.680969718,2.9,0.462397998,5.18,0.71432976,0.019736842,0.272222143,-0.125,0.528781304,39,192.879892
JJM15,LAKE ESCANABA,46.06422356,1.663363755,-89.5865184,50.1972588,1.700680002,502.92,2.701498907,1.17,0.068185862,4.27,0.630427875,0.010015217,0.217742885,-0.047727273,0.813658488,37,145.7252252
JJM17,LAKE NEBISH,46.05142896,1.663243111,-89.58883589,50.19494131,1.700659951,502.92,2.701498907,0.37,-0.431798276,5.49,0.739572344,0.007916667,0.294445,0.333333333,0.369022414,27,173.5669516
JJM18,LAKE WINGRA,43.05414937,1.634015013,-89.41921729,50.36455991,1.702125043,258.47,2.412410143,1.4,0.146128036,3.1,0.491361694,0.035347221,-0.033006471,-0.444444444,0.044808325,42,276.4994193
JJM2,BIG MUSKELLUNGE LAKE,46.01608472,1.662909664,-89.62256607,50.16121113,1.700368014,500.3,2.699230503,3.963,0.598024072,7.5,0.875061263,0.027706582,0.073881224,-0.333333333,0.036011226,44,246.2769556
JJM22,SHELL LAKE,45.732154,1.660221657,-91.89643514,47.88734206,1.680220733,370.94,2.569303668,10.45,1.01911629,7.01,0.845718018,0.005756993,-0.028462917,-0.094339623,0.046561833,97,174.6363832
JJM24,BIG GREEN LAKE,43.80378675,1.641511656,-89.02786819,50.75590901,1.70548661,242.93,2.38548115,29.65,1.472024698,31.7,1.501059262,0.011431159,0.045926667,-0.318181818,0.020915732,66,639.7221445
JJM26,DEVILS LAKE,43.41687466,1.637658558,-89.73209947,50.05167773,1.69941864,293.52,2.467637699,1.51,0.178976947,9.14,0.960946196,0.016119281,0.127835498,-0.757166257,0.000214683,48,347.5585106
JJM27,LAKE GENEVA,42.56847127,1.629088054,-88.47947845,51.30429875,1.710153756,263.35,2.420533323,20.66,1.315130317,18.59,1.26927939,0.005426356,0.0150835,0.153846154,0.051599054,102,486.5828965
JJM28,MAPLE LAKE,46.14090908,1.664086147,-89.72709959,50.05667761,1.699462021,497.74,2.697002543,0.19,-0.721246399,2.3,0.361727836,0.010580808,0.150317857,0.066666667,0.660692915,51,169.4917647
JJM3,CRYSTAL BOG,46,1.662757832,-89.6,50.1837772,1.700563346,502,2.700703717,0.005,-2.301029996,1.7,0.230448921,0.037916666,-0.187076875,-0.5,0.13922547,32,260.7893145
JJM31,ANVIL LAKE,45.9442104,1.662230792,-89.06448243,50.71929477,1.705173206,516.6,2.713154402,1.6,0.204119983,5.79,0.762678564,0.080486109,0.3190275,-1.25,0.377718107,14,284.9010989
JJM4,CRYSTAL LAKE,46.00163865,1.662773302,-89.61286129,50.17091591,1.700452029,502.1,2.700790221,0.367,-0.435333936,10.4,1.017033339,0.024713541,-0.431845606,-0.410526316,0.134881013,32,233.1360887
JJM5,LITTLE ROCK LAKE,45.99765617,1.662735703,-89.70497639,50.07880081,1.699653921,495.61,2.695140061,0.15,-0.823908741,3.8,0.579783597,0.048833332,-0.211750871,-1,0.498589426,16,271.3625
JJM6,SPARKLING LAKE,46.00862229,1.662839229,-89.70046914,50.08330806,1.699693007,494.8,2.694429691,0.64,-0.193820026,10.9,1.037426498,0.035381944,-0.246459313,-0.363636364,0.152826344,32,267.515121
JJM7,TROUT BOG,46.03333333,1.663072424,-89.68333333,50.10044387,1.699841574,494,2.693726949,0.011,-1.958607315,5.6,0.748188027,0.037916666,-0.187076875,-0.522727273,0.108089911,32,220.7379032
JJM8,TROUT LAKE,46.03333333,1.663072424,-89.66666667,50.11711053,1.699986024,491.8,2.691788524,16.079,1.206259035,14.6,1.164352856,0.037916666,-0.187076875,-0.333333333,0.363329959,32,314.5806452
JK02,LAKE KALLAVESI (4079),62.83,1.79816706,27.77,167.5537772,2.224154223,81.8,1.912753304,316,2.499687083,9.7,0.986771734,0.007942708,-0.058067609,-0.055555556,0.271694386,107,321.8940222
JK03,LAKE NASIJARVI (3568),61.53,1.789086915,23.75,163.5337772,2.213607468,95.4,1.979548375,256,2.408239965,13,1.113943352,0.01731884,0.084888667,-0.193548387,0.195814255,63,392.6272401
JK04,LAKE VESIJARVI (1462),61.18,1.786609473,25.54,165.3237772,2.218335319,81.4,1.910624405,107.6,2.031812271,6.6,0.819543936,0.01035172,0.007733462,-0.067989214,0.253776463,105,393.5216117
JK05,LAKE PAIJANNE (1463),61.18,1.786609473,25.54,165.3237772,2.218335319,78.3,1.893761762,1080,3.033423755,15,1.176091259,0.013173077,-0.027898478,-0.08,0.413174078,83,490.0320306
JK06,MUURASJARVI (1401),63.5067145,1.802819645,25.3576493,165.1414265,2.217856032,112.2,2.049992857,21.05,1.3232521,8.98,0.953276337,0.014074187,-0.037571577,-0.04,0.667916138,84,350.0600975
JK07,KALMARINJARVI (1417),62.778865,1.79781346,24.99782492,164.7816021,2.216908721,129.8,2.113274692,7.05,0.848189117,5.7,0.755874856,0.027502371,0.146792932,-0.233031674,0.127887502,57,297.093985
JK08,SUMMASJARVI (1419),62.64480075,1.796885032,25.38871454,165.1724917,2.21793772,108.5,2.035429738,21.9,1.340444115,6.8,0.832508913,0.027502371,0.129934206,-0.179144385,0.214973941,57,255.8934837
JK10,HANKAVESI - RAUTALAMPI (1436),62.5962525,1.796548334,26.74518901,166.5289662,2.221489786,96.1,1.982723388,18.2,1.260071388,7.04,0.847572659,0.01731884,0.091255652,-0.176470588,0.070300518,63,244.7409114
JK11,YLA-KIVIJARVI - JURVALA (1488),61.01162175,1.785412569,27.74017627,167.5239535,2.224076914,75.2,1.876217841,76.4,1.883093359,5.3,0.72427587,0.014209105,0.10206876,0,0.94041302,61,329.7568306
JK12,LAPPAJARVI - HALKOSAARI (4703),63.1565095,1.80041812,23.72044812,163.5042253,2.21352898,69.5,1.841984805,145.5,2.162862993,6.9,0.838849091,0.01165,-0.043931692,0.05,0.559896164,91,359.4989011
JK13,KITUSJARVI (3548),62.2827245,1.794367602,24.05533805,163.8391153,2.214417594,116.2,2.065206128,0.5,-0.301029996,4.7,0.672097858,0.02812937,0.124294735,0.011627907,0.917724743,57,434.4197995
JK14,KUKKIA - PUUTIKKALA (3512),61.32826525,1.78766068,24.66871311,164.4524903,2.216040454,86.6,1.937517892,43.4,1.63748973,16.3,1.212187604,0.027502371,0.063584142,-0.302173913,0.05119343,57,404.9830827
JK15,LANGELMAVESI - KAIVANTO (3506),61.42,1.788309812,24.15,163.9337772,2.214668446,84.2,1.925312091,133,2.123851641,6.8,0.832508913,0.01366286,-0.009831176,-0.047619048,0.62418403,85,413.8005602
JK16,ALA-KIVIJARVI - YLA-MUNNI (1489),60.9807595,1.785192829,27.40014422,167.1839214,2.223194508,75.1,1.875639937,91.9,1.963315511,4.8,0.681241237,0.007151515,-0.008888788,-0.065217391,0.429013403,83,300.4008228
JK17,ALA-RIEVELI (1468),61.3055515,1.787499804,26.18039437,165.9641716,2.220014342,77.8,1.890979597,13,1.113943352,11.3,1.053078443,0.010655506,-0.051346424,-0.024845679,0.658670739,93,302.944834
JK18,VESIJARVI - LAHTI (1461),60.99,1.785258633,25.65,165.4337772,2.218624186,81.4,1.910624405,107.6,2.031812271,6.6,0.819543936,0.009493464,-0.040424494,-0.067567568,0.310975003,94,342.3291009
JK19,JAASJARVI - HARTOLA (1457),61.69148225,1.790225205,26.44045049,166.2242277,2.220694324,92.3,1.965201701,81.1,1.909020854,4.6,0.662757832,0.013839869,-0.031834286,-0.12,0.218664153,82,384.7908762
JK20,ALA-KINTAUS (1449),62.291679,1.794430037,25.36632347,165.1501007,2.217878843,154.4,2.188647296,7.2,0.857332496,5.2,0.716003344,0.009850968,-0.068335312,0,0.931197662,93,250.173913
JK22,PAAJARVI - KARSTULA (1415),62.8555,1.798343285,24.72974853,164.5135257,2.21620161,144.4,2.159567193,29.5,1.469822016,3.8,0.579783597,0.01731884,0.0492775,-0.173913043,0.164956978,63,290.4976959
JK23,KIVIJARVI - SAARENKYLA (1407),63.27,1.801197834,25.13,164.9137772,2.217256939,130.8,2.116607744,154,2.187520721,8.36,0.922206277,0.027356442,0.164019963,-0.338541667,0.003983559,56,310.8334416
JK24,SAANIJARVI (1403),63.4118875,1.80217068,25.604626,165.3884032,2.218505054,114,2.056904851,12.6,1.100370545,1.96,0.292256071,0.027502371,0.110663035,-0.208333333,0.202550931,57,320.8878446
JK25,HAUKIVESI,62.11,1.793161529,28.61,168.3937772,2.226326039,75.8,1.879669206,560,2.748188027,9.1,0.959041392,0.025868055,0.111702721,-0.181818182,0.243258113,56,319.4181818
JK26,INARI - NELLIM,68.85,1.837903945,28.3,168.0837772,2.225525799,118.7,2.074450719,1,0,14.3,1.155336037,0.019047619,0.084229355,0.024390244,0.803794239,58,219.0771325
JK27,KEVOJARVI,69.75394,1.843568743,27.01438653,166.7981637,2.222191265,75.3,1.876794976,1,0,9.3,0.968482949,0.043816287,0.036044911,-0.333333333,0.018247718,45,143.6343434
JK28,KILPISJARVI,69.0253405,1.839008558,20.79261835,160.5763956,2.205681705,472.8,2.674677468,37.3,1.571708832,19.5,1.290034611,0.027633333,0.114705882,-0.2,0.09473019,55,138.9952862
JK29,KORVUANJARVI,65.372416,1.815394536,28.6679415,168.4517187,2.226475446,241.8,2.383456297,15.4,1.187520721,6,0.77815125,0.043645832,0.123742632,-0.25,0.232427304,46,220.0101449
JK30,KUORTANEENJARVI,62.8337195,1.798192769,23.43126167,163.2150389,2.212760173,75.8,1.879669206,14.9,1.173186268,3.34,0.523746467,-0.008696405,0.017606176,0.029910714,0.808075024,61,266.3098361
JK31,LENTUA,64.25122875,1.807881438,29.69352715,169.4773044,2.229111548,167.9,2.225050696,77.8,1.890979597,7.4,0.86923172,0.02812937,0.082404742,-0.217391304,0.076668514,57,227.7525063
JK32,LESTIJARVI,63.531908,1.802991898,24.72975385,164.5135311,2.216201624,140.7,2.148294097,64.5,1.809559715,5.5,0.740362689,0.005972173,0.017032437,-0.111111111,0.137560716,85,298.3929972
JK33,LIVOJARVI,65.99123575,1.819486261,28.12126372,167.9050409,2.225063735,243.7,2.386855529,33,1.51851394,5.8,0.763427994,0.022723214,0.146497589,-0.428571429,0.023685346,40,240.2846154
JK34,MUTUSJARVI,69.01966425,1.838972842,26.84887281,166.63265,2.221760101,146.2,2.164947373,50.45,1.702861171,8.5,0.929418926,0.02695238,0.141043939,-0.12195122,0.379843747,51,232.0196078
JK35,NAAMANKAJARVI,65.1050725,1.813614827,28.30946922,168.0932464,2.225550265,173.5,2.239299479,8.52,0.930439595,2.9,0.462397998,0.040906862,0.090754286,-0.388888889,0.037202617,47,230.7816836
JK36,OIJARVI,65.63273975,1.817120534,25.90313181,165.686909,2.219288196,89.8,1.953276337,21.05,1.3232521,12.7,1.103803721,0.029722222,0.151481333,-0.333333333,0.054162587,54,284.7830189
JK37,OUNASJARVI,68.3755525,1.834900849,23.58705027,163.3708275,2.213174509,286.9,2.457730548,6.9,0.838849091,6.6,0.819543936,0.025509259,0.124060577,-0.044466403,0.649275554,57,147.1453634
JK38,PAIJANNE - TEHI,61.48,1.788733859,25.56,165.3437772,2.218387855,78.3,1.893761762,1080,3.033423755,15,1.176091259,0.035074786,0.108156184,-0.550055617,0.000666424,52,366.6334842
JK39,PEERAJARVI,68.88764225,1.838141321,21.0939238,160.877701,2.206495851,459.5,2.662285516,1.9,0.278753601,5.5,0.740362689,0.04444368,0.11076603,-0.118055556,0.455457323,37,101.2252252
JK40,PIELINEN,63.54,1.80304721,29.13,168.9137772,2.227665074,93.7,1.971739591,894,2.951337519,10,1,0.0121875,0.099343976,-0.076923077,0.243519919,91,334.6495726
JK41,POROVESI,63.42771175,1.802279044,27.30617199,167.0899492,2.222950327,85.8,1.933487288,21.7,1.336459734,19.1,1.281033367,0.041527777,0.202611,-0.12195122,0.476982559,46,215.4826087
JK42,REHJA,64.23,1.807737922,27.79,167.5737772,2.224206059,137.9,2.139564266,96.4,1.984077034,8.5,0.929418926,0.046216855,0.125843118,-0.307692308,0.195867716,41,317.345122
JK43,SAAKSJARVI - NURMIJARVI,60.5075345,1.781809457,24.6742357,164.4580129,2.216055038,99.8,1.999130541,2.6,0.414973348,8.8,0.944482672,0.026945261,0.009388833,0.055555556,0.753309403,37,303.1306306
JK44,UNARI,67.1645165,1.827139893,25.73162482,165.515402,2.218838413,179.8,2.254789687,28.8,1.459392488,8.2,0.913813852,0.029092592,0.081605185,-0.3,0.087581442,51,281.1482353
JK45,VISUVESI,62.12,1.793231447,23.93,163.7137772,2.214085229,96.1,1.982723388,46.2,1.664641976,6.95,0.841984805,0.004782609,0.031157083,-0.011627907,0.809844913,90,378.6247191
JK46,PALOVESI,61.86,1.791409916,23.91,163.6937772,2.21403217,96,1.982271233,25.5,1.40654018,9.6,0.982271233,0.03074074,0.10479,-0.227272727,0.147622129,50,364.7118367
JK47,SIMPELEJARVI,61.55384675,1.789255199,29.43413783,169.217915,2.22844634,68.8,1.837588438,58.6,1.767897616,9.34,0.970346876,0.012939394,-0.011629333,0,0.911543133,94,339.9561885
JK48,AHTARINJARVI,62.76,1.797682935,24.05,163.8337772,2.214403444,153.5,2.18610838,39.9,1.600972896,5.2,0.716003344,0.01053376,-0.006160028,0.050013893,0.484897239,97,349.933634
JK49,KUIVAJARVI,60.7853085,1.783798625,23.75298268,163.5367599,2.213615389,96.6,1.984977126,8.2,0.913813852,7,0.84509804,0.027502371,0.135000159,-0.230550285,0.150041776,57,403.2449875
JK50,JERISJARVI,67.90988825,1.831933016,24.11698471,163.9007619,2.214580972,257.6,2.410945859,23.5,1.371067862,3.4,0.531478917,0.038814102,0.0306945,-0.115384615,0.357662984,46,138.6164251
JK51,SAAKSJARVI - SAAKSKOSKI,61.40496,1.788203453,22.36855655,162.1523338,2.209923204,49,1.69019608,33.18,1.520876382,3.7,0.568201724,-0.003281746,0.142638869,0.047619048,0.627948139,76,366.3331579
KMS1,BONAPARTE,44.14953834,1.644926167,-75.39037472,64.39340248,1.808841373,240,2.380211242,5.05,0.703291378,9.4,0.973127854,0.060448717,0.000504545,-0.111111111,0.694069679,30,295.5448276
KMS10,GEORGE,43.62497552,1.639735196,-73.54988617,66.23389103,1.821080269,97,1.986771734,115.25,2.061640934,24.5,1.389166084,0.009860197,0.060005319,-0.020416667,0.734851867,93,275.5750351
KMS11,MIRROR,44.29089457,1.646314452,-73.98190169,65.80187551,1.818238272,565,2.752048448,0.518,-0.28567024,4.3,0.633468456,0.009487179,0.096153846,-0.159090909,0.001357788,99,174.5988456
KMS12,MOHONK,41.76333333,1.620795154,-74.15944444,65.62433276,1.817064901,380,2.579783597,0.069,-1.161150909,6.5,0.812913357,0.011067323,0.05093254,-0.306020067,0.009557761,64,274.6666667
KMS14,OTSEGO,42.75838284,1.631021271,-74.89406165,64.88971555,1.81217587,363,2.559906625,17.11,1.23325001,24.9,1.396199347,0.006438561,0.104944583,-0.038461538,0.525890643,105,401.6434066
KMS15,PLACID,44.30444444,1.646447295,-73.99527778,65.78849942,1.818149981,566,2.752816431,8.794,0.944186461,15.8,1.198657087,0.007486111,0.117402432,-0.070422535,0.310462144,82,171.2268895
KMS16,ST. REGIS LOWER,44.4289231,1.647665787,-74.25296351,65.53081369,1.816445561,493,2.692846919,1.477,0.169380495,4.7,0.672097858,0.035555555,0.533247692,-0.333333333,0.534699439,22,283.9935065
KMS17,SARANAC LOWER,44.30230706,1.646426343,-74.18885647,65.59492073,1.816870212,507,2.705007959,8.96,0.95230801,8.5,0.929418926,0.032371794,0.101222,-0.052631579,0.759113605,31,165.0924731
KMS18,SCHROON,43.7593174,1.641070539,-73.78163982,66.00213738,1.819558,246,2.390935107,21.87,1.339848783,1.5,0.176091259,0.030624999,0.1015275,-0.714285714,0.004825109,38,239.2268848
KMS19,STAR,44.15633701,1.644993039,-75.04257766,64.74119954,1.811180742,442,2.645422269,0.823,-0.084600165,6.8,0.832508913,0.033223214,-0.219079991,-0.434285714,0.136342303,33,224.6041667
KMS2,BRANT,43.71435174,1.640624042,-73.7056501,66.0781271,1.820057725,243,2.385606274,5.492,0.739730529,9.1,0.959041392,0.00860101,0.111418086,-0.173913043,0.123075049,56,164.636039
KMS20,SYLVIA,44.25247223,1.645937538,-75.41471446,64.36906274,1.808677186,199,2.298853076,1.311,0.117602692,21.3,1.328379603,0.03289855,0.05601,0,0.883533145,27,370.6267806
KMS21,TITUS,44.72501172,1.650550463,-74.28241645,65.50136075,1.816250322,426,2.629409599,1.54,0.187520721,8.3,0.919078092,0.040117646,0.41450351,-0.207142857,0.606942021,21,238.1619048
KMS22,NORTH TROUT LAKE,46.05,1.663229635,-89.66666667,50.11711053,1.699986024,491.95,2.691920965,3.97,0.598790507,7.62,0.881954971,-0.036337145,0.27828075,0.16025641,0.501894669,24,71.97101449
KMS23,CASSADAGA LOWER,42.34583333,1.626810684,-79.31722222,60.46655498,1.781515226,398,2.599883072,0.368,-0.434152181,2,0.301029996,0.040722221,0.183376154,-0.25,0.523298052,34,332.2896613
KMS24,CRANBERRY,44.1666569,1.645094528,-74.81928578,64.96449142,1.812676043,457.2,2.660106222,28.308,1.451909187,1.8,0.255272505,0.021666666,-0.105555556,-0.5,0.032953159,35,218.5159664
KMS26,GLEN,41.90361111,1.622251451,-75.02111111,64.76266609,1.811324719,398,2.599883072,1.291,0.110926242,5.5,0.740362689,0.03614035,0.041111111,-0.066666667,0.847052698,34,392.513369
KMS27,MOHANSIC,41.27648397,1.615702696,-73.80827403,65.97550317,1.819382711,139,2.1430148,0.431,-0.36552273,3.4,0.531478917,0.022578125,-0.288322545,-0.108187135,0.744713944,33,359.1477273
KMS4,CHATEAGUAY (LOWER),44.81846247,1.651456954,-74.01823016,65.76554704,1.817998437,399,2.600972896,2.13,0.328379603,10,1,0.030469135,0.262468012,-0.638181818,0.220100439,28,898.5714286
KMS5,GENEGANTSLET,42.51634467,1.628555919,-75.77498338,64.00879382,1.806239643,454,2.657055853,0.437,-0.359518563,6.1,0.785329835,0.025378787,0.2121665,-0.333333333,0.096959045,42,225.7839721
KMS6,LOON,42.49296848,1.628317071,-77.56753367,62.21624353,1.793903786,518,2.71432976,0.571,-0.243363892,5.7,0.755874856,0.027291666,0.257474545,-0.333333333,0.35127519,39,389.5236167
KMS8,CHAUTAUQUA NORTH,42.17626112,1.625068077,-79.42896862,60.35480858,1.780711877,399,2.600972896,28.56,1.455758203,7.8,0.892094603,0.032099999,0.058773793,-0.2,0.562745469,34,426.3930481
KMS9,CHAUTAUQUA SOUTH,42.11194444,1.624405295,-79.10222222,60.68155498,1.783056701,399,2.600972896,24.68,1.392345155,3.5,0.544068044,0.029264705,-0.03269,-0.166666667,0.552730195,34,415.1550802
LR1,ONEIDA,43.21011271,1.635585399,-75.90521318,63.87856402,1.805355145,112,2.049218023,206.7,2.315340477,6.8,0.832508913,0.040902777,0.34686125,-1.286363636,0.049461458,21,260.8904762
LR2,CAZENOVIA,42.95127299,1.63297604,-75.87062357,63.91315363,1.805590247,363,2.559906625,4.79,0.680335513,7.2,0.857332496,0.008864197,0.125116463,-0.111111111,0.15442455,85,296.4392157
MICH01,SCHOOL SECTION LAKE,43.59759345,1.639462517,-85.27403389,54.50974331,1.736474137,295,2.469822016,0.138,-0.860120914,3.1,0.491361694,0.048281249,-0.635,-0.5,0.67671211,18,330.2352941
MICH03,GULL LAKE,42.39937879,1.627359494,-85.41073046,54.37304674,1.735383669,268.22,2.428491158,8.28,0.918030337,11.6,1.064457989,0.006794872,0.06317,-0.28,0.018435394,75,477.2046847
MICH05,EAGLE LAKE,41.80390028,1.621216803,-86.02446998,53.75930722,1.730453663,242,2.383815366,1.618,0.208978517,3.5,0.544068044,0.05460648,0.059066736,-1.522727273,0.026957455,24,398.4764493
MICH06,FAIR LAKE,42.48542873,1.628240005,-85.3322813,54.4514959,1.736009815,280.11,2.447328614,0.926,-0.033389013,4.2,0.62324929,0.014035303,0.08178987,-0.661904762,0.001371532,49,435.7312925
MICH07,DOUGLAS LAKE,45.58216933,1.65879499,-84.7036448,55.0801324,1.740994976,214,2.330413773,15.08,1.178401342,5.5,0.740362689,0.043472221,-0.210714286,-0.818181818,0.13372993,26,241.6446154
MINN2,DETROIT,46.78333333,1.670091162,-95.93333333,43.85044387,1.641973994,406.6,2.609167374,13,1.113943352,4,0.602059991,0.000735294,0.0317825,-0.125,0.023304969,94,206.1656372
MINN34,GREEN,45.25155165,1.655633476,-94.90549365,44.87828355,1.652036238,352.35,2.546974276,23.56,1.372175286,7.1,0.851258349,0.01199074,0.243905758,0,0.893459238,50,146.2546939
MINN38,SHAGAWA,47.91215441,1.6804457,-91.88898082,47.89479638,1.680288331,404,2.606381365,9.6,0.982271233,9.7,0.986771734,0.039583333,0.218518519,-0.363636364,0.19223791,30,150.6022989
MINN4,WACONIA,44.86902272,1.65194661,-93.78490325,45.99887395,1.6627472,289,2.460897843,13,1.113943352,5.9,0.770852012,-0.02347826,0.112863077,0.142857143,0.520835003,39,130.2564103
MINN40,KABEKONA,47.16659261,1.673634503,-94.76893341,45.01484379,1.653355747,392,2.593286067,9.1,0.959041392,9.2,0.963787827,0.001527778,-1.17333,-1.777777778,0.187559609,14,226.2857143
MINN42,PRIOR,44.71666667,1.650469422,-93.41666667,46.36711053,1.666210033,272,2.434568904,5,0.698970004,6,0.77815125,0.040694444,-0.118148333,-0.65,0.145919339,23,265.0395257
MINN6,GULL,46.4617452,1.667095519,-94.33396077,45.44981643,1.657532133,360,2.556302501,30,1.477121255,2.1,0.322219295,-0.019242424,0.343293795,0.212406015,0.618787213,24,94.31884058
MINN7,ITASCA,47.21655361,1.674094284,-95.2019727,44.5818045,1.649157643,445,2.648360011,4,0.602059991,9.1,0.959041392,-0.014791666,-0.003478261,-0.090909091,0.691379496,27,128.1737892
ML01,LAKE VATTERN AT VISINGSO FERRY,58.33265875,1.765911772,14.489715,154.2734922,2.188291311,89,1.949390007,1886,3.275541688,38,1.579783597,-0.045972221,0.018888824,-1,0.322585608,22,1393.705628
NG1,LAKE BAIKAL,53.6631347,1.729676038,108.1884226,247.9721998,2.394402995,449,2.652246341,31967.85,4.504713429,738.7,2.868468099,0.011124031,0.109444,-0.148148148,0.001205878,107,190.7185682
PJD19,LONG POND,44.62886243,1.649615817,-76.54957869,63.23419851,1.800952018,178,2.250420002,0.53,-0.27572413,3.8,0.579783597,-0.033138888,-0.275899524,1.714285714,0.221535644,13,141.9358974
PJD2,BOSHKUNG,45.05,1.653694795,-78.75,61.0337772,1.785570248,307.5,2.48784512,7.164,0.855155577,23.3,1.367355921,-0.036166666,0.650494444,0.5,0.701134269,14,265.4120879
PJD27,SHABOMEKA,44.8937185,1.652185579,-77.13414811,62.64962909,1.796918504,273,2.436162647,2.56,0.408239965,10.7,1.029383778,-0.044503967,0.146019167,2.071428571,0.149860748,12,195.719697
PJD28,SIMCOE,44.3833,1.64721959,-79.6833,60.1004772,1.77887792,256,2.408239965,725,2.860338007,15,1.176091259,0.021973684,0.041875,-0.083333333,0.621261652,31,153.5827957
PJD7,DRC LAKES,45.22,1.655330558,-78.93,60.8537772,1.78428754,338.51,2.529571503,0.52,-0.283996656,8.8,0.944482672,0.033406338,0.172176131,-0.420168067,0.227011559,20,113.2078947
RA1,LAKE MUEGGELSEE,52.43696615,1.719637557,13.65000026,153.4337775,2.185920977,32.37,1.510142699,7.3,0.86332286,4.9,0.69019608,0.016770833,0.432555286,-1.083333333,0.59167167,17,1165.683824
RA2,NEHMITZSEE,53.13455519,1.725377049,12.98446345,152.7682407,2.184033077,59,1.770852012,1.7,0.230448921,6.4,0.806179974,0.012588384,0.254061444,-1.029411765,0.413431351,25,937.2933333
RAA3,GRAND TRAVERSE BAY,44.75,1.65079304,-85.61666667,54.16711053,1.733735669,176.45,2.246621663,717.427,2.855777717,46,1.662757832,0.001821705,0.156296667,0,0.912526756,75,424.1956757
RAA4,GREEN BAY AT MENOMINEE,45,1.653212514,-87.64,52.1437772,1.717202487,176.45,2.246621663,4212,3.624488363,9,0.954242509,0.009166666,0.050323273,0.133333333,0.427065022,64,495.3727679
RB13,KEITELE SE,62.76666667,1.797729065,26.4,166.1837772,2.220588626,99,1.995635195,55,1.740362689,6.3,0.799340549,-0.007413194,0.215327882,0.072751323,0.689704204,53,355.7714078
RB14,KEITELE SW,62.56666667,1.796343018,25.83333333,165.6171105,2.219105203,99,1.995635195,9,0.954242509,6.3,0.799340549,-0.012635841,0.045719028,-0.047727273,0.816615958,36,204.8444444
RB18,VATIAJARVI E,62.48333333,1.79576419,25.9,165.6837772,2.219279987,89,1.949390007,6,0.77815125,4.05,0.607455023,0.003657852,0.162487222,-0.875,0.010323935,32,322.2862903
RB19,KOIVUJARVI S,63.61666667,1.80357091,26.23333333,166.0171105,2.220152851,131,2.117271296,2,0.301029996,6.6,0.819543936,0.003628917,0.133751239,0.218253968,0.485192781,33,208.5018939
RB22,NIINIVESI W,62.76666667,1.797729065,26.68333333,166.4671105,2.221328441,98,1.991226076,20,1.301029996,11,1.041392685,-0.009807423,0.058276603,-0.101724138,0.733320373,36,378.618254
RB23,KIESIMA W,62.76666667,1.797729065,26.51666667,166.3004439,2.220893408,101,2.004321374,8,0.903089987,7.63,0.882524538,-0.00875,0.025648056,-0.076923077,0.82744645,39,238.8394062
RB24,POHJOIS KONNEVESI W,62.76666667,1.797729065,26.4,166.1837772,2.220588626,95,1.977723605,25,1.397940009,10.61,1.025715384,-0.013043478,-0.036984286,0.04,0.882003905,34,233.8645276
RB25,KONNEVESI W,62.61666667,1.796689945,26.35,166.1337772,2.220457939,95,1.977723605,10,1,9.8,0.991226076,-0.00875,0.060925,0.285714286,0.438477397,39,478.8272605
RB26,VANGINVESI E,62.56666667,1.796343018,26.23333333,166.0171105,2.220152851,90,1.954242509,1.5,0.176091259,5.46,0.737192643,-0.00875,0.112445,-0.105263158,0.636748003,39,251.1673414
RB27,KYNSIVESI W,62.36666667,1.794952533,26.16666667,165.9504439,2.219978418,88,1.944482672,2,0.301029996,9.2,0.963787827,-0.016833333,0.149365,0.117647059,0.711561608,35,246.4907563
RB28,KUUHANKAVESI S,62.35119475,1.79484478,26.39597084,166.179748,2.220578096,99,1.995635195,2,0.301029996,6.3,0.799340549,-0.00875,0.158185,-0.142857143,0.663008094,39,309.3252362
RB3,HOYTIAINEN S,62.869664,1.798441139,29.69260778,169.476385,2.229109192,87,1.939519253,110,2.041392685,8.4,0.924279286,-0.005400433,0.118850858,0.175191816,0.538469896,37,340.2432432
RB30,PETAJAVESI N,62.25,1.794139356,25.16666667,164.9504439,2.217353489,111,2.045322979,2,0.301029996,4.21,0.624282096,-0.005701368,0.185757403,0.6,0.066852587,37,472.3603604
RB31,SALOSJARVI S,62.06666667,1.792858422,25.16666667,164.9504439,2.217353489,103,2.012837225,2,0.301029996,4.46,0.649334859,0.003628917,0.062592083,0.25,0.545140916,33,258.3712121
RB32,ISOJARVI W,61.70834175,1.790343876,25.03625528,164.8200325,2.217009995,119,2.075546961,3,0.477121255,29.3,1.46686762,0.003628917,0.062592083,0.183473389,0.401913386,33,265.9545455
RB34,JOUTSJARVI C,61.51666667,1.788992795,25.85,165.6337772,2.219148906,85,1.929418926,4,0.602059991,3.79,0.57863921,0.003061111,-0.137149688,0.030414747,0.803287215,61,438.8464481
RB38,KYYVESI E,62.00121175,1.792400177,27.08213804,166.8659152,2.222367635,101,2.004321374,4,0.602059991,5.4,0.73239376,0.003061111,-0.121019648,0.036375661,0.755477363,61,294.8846995
RB39,PYHAVESI E,61.40828075,1.788226939,26.92726149,166.7110387,2.221964357,82,1.913813852,15,1.176091259,8.7,0.939519253,-0.004626736,0.118703813,-1.125,0.002734666,37,638.3558559
RB4,ORIVESI SE,62.1,1.7930916,29.88333333,169.6671105,2.229597664,75,1.875061263,30,1.477121255,9.8,0.991226076,0.022523148,0.253593591,0.087121212,0.778248535,29,227.8226601
RB40,VUOHIJARVI E,61.2861995,1.787362691,26.79141077,166.575188,2.221610312,77,1.886490725,30,1.477121255,16.3,1.212187604,-0.008046875,0.2239556,0.2,0.420633023,38,252.2503556
RB42,LOHJANJARVI E,60.25189425,1.779970705,23.96158096,163.7453582,2.214168997,32,1.505149978,40,1.602059991,12.6,1.100370545,0.000196078,-0.09046,-0.063492063,0.728127947,71,641.3975855
RB43,LANGELMAVESI S,61.43333333,1.78840408,24.15,163.9337772,2.214668446,84,1.924279286,5,0.698970004,7.8,0.892094603,0.004363391,-0.102562443,-0.053639847,0.633577844,72,404.8714789
RB45,JALANTIJARVI E,61.163927,1.786495361,23.74204762,163.5258248,2.213586348,83,1.919078092,4,0.602059991,5.1,0.707570176,-0.006111111,-0.104242727,0.181818182,0.386551216,54,501.2051013
RB47,PIHLAJAVESI SE,62.35383625,1.794863178,24.24981593,164.0335931,2.214932798,139,2.1430148,5,0.698970004,5,0.698970004,0.004166667,-0.08070697,0.12,0.380430457,67,343.5531434
RB48,SINERVAJARVI NW,62.39425525,1.795144605,24.812761,164.5965382,2.216420697,139,2.1430148,4.5,0.653212514,10.2,1.008600172,0.003628917,0.152818977,0.178571429,0.608843281,33,230.9393939
RB49,UKONSELKA E,62.1418225,1.793383986,24.43942349,164.2232007,2.215434512,106,2.025305865,9,0.954242509,8.6,0.934498451,0.004109127,0.043627727,-0.125,0.537228156,32,233.797379
RB5,MAANINKAJARVI NE,63.21666667,1.800831592,27.23333333,167.0171105,2.222760966,82,1.913813852,10,1,12.2,1.086359831,0.003628917,0.124722147,0.224747475,0.393500747,33,201.0170455
RB50,PALOSELKA E,62.01666667,1.79250842,24.46666667,164.2504439,2.215506552,96,1.982271233,1,0,4,0.602059991,-0.00875,0.014444444,0.666666667,0.036274982,39,589.219973
RB51,LEPPASJARVI E,61.9178735,1.791816033,23.07758628,162.8613635,2.211818066,101,2.004321374,2,0.301029996,4.2,0.62324929,0.003628917,0.124722147,-0.19375,0.619445324,33,420.9431818
RB52,JAMIJARVI E,61.8063935,1.791033403,22.65952876,162.443306,2.210701819,101,2.004321374,9.2,0.963787827,5.1,0.707570176,0.006935764,-0.024910849,0.057983193,0.691251518,68,423.296532
RB53,KYROSJARVI W,61.78630625,1.790892233,23.09309838,162.8768756,2.21185943,83,1.919078092,15,1.176091259,10.6,1.025305865,0.003385317,-0.086192359,0.100863821,0.482699618,60,470.4734463
RB56,EVIJARVI S,63.41310875,1.802179044,23.47519748,163.2589747,2.212877065,61,1.785329835,7,0.84509804,0.7,-0.15490196,-0.00719697,0.001601471,0.261904762,0.243850817,47,299.6734505
RB57,AITTOSELKA E,64.19231625,1.807483047,29.00138142,168.7851586,2.227334256,160,2.204119983,1.5,0.176091259,8.1,0.908485019,-0.008815789,-0.019177037,0.583333333,0.046314262,31,226.5139785
RB58,NUASJARVI N,64.20038375,1.807537624,27.89859997,167.6823772,2.224487422,138,2.139879086,96.8,1.985875357,8.6,0.934498451,0.004077324,-0.082496641,-0.025015635,0.809517299,80,442.9113924
RB60,PORTIMOJARVI W,66.37136925,1.821980777,23.93137349,163.7151507,2.214088872,63,1.799340549,3,0.477121255,3.6,0.556302501,-0.009843749,0.376245505,0.822916667,0.164428607,24,340.5054348
RB62,INARI E,69.05,1.839163683,28.4,168.1837772,2.225784102,119,2.075546961,8,0.903089987,14.4,1.158362492,-0.021888888,-0.008650714,0.205882353,0.243447107,46,264.610628
RB7,OSMAJARVI N,62.4183645,1.795312385,27.7416392,167.5254164,2.224080706,79,1.897627091,4,0.602059991,9.6,0.982271233,0.000864197,0.027230952,-0.285714286,0.017857707,70,366.2020704
RB9,SAIMAA S,61.08333333,1.785922729,28.26666667,168.0504439,2.225439664,76,1.880813592,15,1.176091259,17,1.230448921,0.002083333,-0.023412857,-0.216666667,0.004172499,83,309.4081693
VSV10,LAKE GUSINOYE,51.19970405,1.709267451,106.4234276,246.2072048,2.391300758,550,2.740362689,163,2.212187604,15,1.176091259,0.001493056,0.125778,-0.033333333,0.743191521,38,83.49928876
VSV11,LAKE JACK LONDON,62.07291667,1.792902152,149.5468745,289.3306517,2.461394445,802,2.904174368,14.4,1.158362492,33.2,1.521138084,0.019595238,0.020146304,-0.333333333,0.050950511,36,89.38730159
VSV13,LAKE KUBENSKOYE (PESKI),59.65884688,1.775674855,39.42197205,179.2057493,2.253351939,108,2.033423755,427.83,2.631271235,1.3,0.113943352,0.0218384,0.201331217,-0.050641026,0.556544281,44,148.1030655
VSV14,LAKE LATCHA,61.32708333,1.78765231,38.74854466,178.5323219,2.251716853,118,2.071882007,351,2.545307116,1.3,0.113943352,-0.004766667,0.100543333,0.125,0.341192823,55,228.3117845
VSV15,LAKE B.LEPRINDO,56.4,1.751279104,117.2,256.9837772,2.409905708,984,2.992995098,17.3,1.238046103,18,1.255272505,-0.003690476,-0.052444,0.333333333,0.138802829,26,85.58153846
VSV16,LAKE M.DARPIR,64.14373711,1.807154259,147.9854808,287.769258,2.459044397,819,2.913283902,4,0.602059991,31.4,1.496929648,0.069999999,0.1275925,0.666666667,0.457349641,15,140.6952381
VSV19,LAKE SENEZHSKOYE,56.21050212,1.749817465,37.00696144,176.7907386,2.24745951,190,2.278753601,8.5,0.929418926,3.9,0.591064607,-0.001375,0.087389,0.066666667,0.654190483,54,204.6767994
VSV2,LAKE IMANDRA,67.72290175,1.830735558,33.11725251,172.9010297,2.23779758,127,2.103803721,876,2.942504106,13,1.113943352,-0.121071426,-0.42861,-1.8,0.2104977,10,80.93333333
VSV20,LAKE SHAKSHINSKOYE,52.15625,1.717306358,112.7353799,252.5191571,2.402294331,963,2.983626287,53.6,1.72916479,3.4,0.531478917,-0.017591036,-0.278935208,0,0.850746229,29,52.33251232
VSV21,LAKE SHIRA,54.50861111,1.736465116,90.20326894,229.9870461,2.361703375,390,2.591064607,32,1.505149978,11.9,1.075546961,0.039791666,0.102963333,-0.2,0.692469882,22,145.021645
VSV22,LAKE SOSNOVOYE,52.55646905,1.72062618,111.5287941,251.3125713,2.400214214,950,2.977723605,24,1.380211242,2.5,0.397940009,0.016199156,0.068911067,0,0.964032396,41,72.79878049
VSV24,LAKE TAYMYR,74.52404446,1.872296416,101.276011,241.0597882,2.382124771,6,0.77815125,4560,3.658964843,2.8,0.447158031,0.033425925,-0.067777692,-0.333333333,0.063366855,26,102.0138462
VSV26,LAKE TCHUKCHAGIRSKOYE,52,1.716003344,130.36,270.1437772,2.431594968,70,1.84509804,366,2.563481085,2,0.301029996,0.034502995,0.113526529,0.5,0.091022388,25,101.61
VSV29,LAKE TELETSKOYE,51.57168172,1.712411294,87.66884552,227.4526227,2.356890949,435,2.638489257,223,2.348304863,174,2.240549248,0.00515124,0.136921479,-0.181818182,0.068856023,57,131.6259398
VSV3,LAKE ARAKHLEY,52.20694444,1.717728276,112.8778394,252.6616166,2.402539271,967,2.985426474,58.5,1.767155866,10,1,0.025617283,0.034,0.25,0.174391964,30,63.47586207
VSV30,LAKE BOLSHIE CHANY,55.33,1.74296067,60.54,200.3237772,2.3017325,242,2.383815366,1990,3.298853076,2.2,0.342422681,0.007291666,-0.031666667,-0.179487179,0.094267369,54,93.50279525
VSV31,LAKE KULUNDINSKOYE,52.97972222,1.724109677,79.57522114,219.3589983,2.341155454,95,1.977723605,728,2.862131379,2.8,0.447158031,0.034671717,0.06485877,0.366071429,0.322070379,28,125.031746
VSV32,LAKE UBINSKOYE,55.47094699,1.74406558,80.04726506,219.8310423,2.342089019,120,2.079181246,440,2.643452676,3.4,0.531478917,0.022395833,0.208125,-0.025,0.750232587,50,97.28530612
VSV33,LAKE SARTLAN,54.98043958,1.740208208,78.5976824,218.3814596,2.339215764,110,2.041392685,238,2.376576957,3,0.477121255,0.023589409,0.092959167,0,0.871809608,53,87.99782293
VSV34,LAKE UVILDY,55.53485569,1.744565648,60.48999079,200.273768,2.301624069,275,2.439332694,68.1,1.833147112,14,1.146128036,0.032070706,0.176389,-0.052631579,0.704110762,42,124.0261324
VSV35,LAKE ARGAYASH,55.48958876,1.744211506,60.91717229,200.7009495,2.302549427,243,2.385606274,7,0.84509804,5,0.698970004,0.016,0.158918649,0.138888889,0.188991755,47,98.97502313
VSV37,LAKE ONEGA (PETROZAVODSK),61.88541667,1.791588319,35.25640261,175.0401798,2.243137751,33,1.51851394,9900,3.995635195,30,1.477121255,-0.004464286,0.061222,0.148148148,0.469745632,43,282.6611296
VSV38,LAKE ILMEN,58.27319716,1.765468846,31.30041423,171.0841914,2.233209882,18,1.255272505,982,2.992111488,2.6,0.414973348,0.000416667,0.285778,-0.119047619,0.426319137,50,261.5612245
VSV39,LAKE TCHUDSKO-PSKOVSKOYE,58.42791667,1.766620401,27.48355062,167.2673278,2.223411119,30,1.477121255,3560,3.551449998,7.1,0.851258349,-0.002546296,0.1008444,-0.25,0.348088037,35,388.8453782
VSV4,LAKE AZAS,52.39135159,1.719259603,96.50717836,236.2909556,2.373447099,941,2.973589623,51.5,1.711807229,17.3,1.238046103,0.032041666,-0.0951945,-0.869747899,0.007093113,21,80.71428571
VSV40,LAKE SYABERO,58.47,1.766933094,29.09,168.8737772,2.227562217,45,1.653212514,14.2,1.152288344,2.2,0.342422681,0.00617803,0.039607878,-0.036666667,0.837098793,45,219.4272727
VSV41,LAKE SYAMOZERO,61.94791531,1.792026696,33.18325069,172.9670279,2.237963323,108,2.033423755,266,2.424881637,6.5,0.812913357,0.011752873,0.004431429,-0.090909091,0.770648599,40,188.2461538
VSV42,LAKE LOVOZERO,67.86366916,1.831637337,35.18198326,174.9657605,2.242953069,153,2.184691431,223,2.348304863,5.8,0.763427994,-0.002794118,0.24569871,-0.052631579,0.732760405,51,189.932549
VSV43,LAKE UMBOZERO,67.71041667,1.830655486,34.4052988,174.189076,2.241020915,152,2.181843588,313,2.495544338,15,1.176091259,-0.009753968,0.13253863,0.029513889,0.803244224,48,258.7655142
VSV44,LAKE ASLI-KUL,54.18,1.733839001,54.37,194.1537772,2.288145844,205,2.311753861,23.3,1.367355921,5.1,0.707570176,-0.018889573,0.141310952,0.073214286,0.527351565,52,125.6606335
VSV6,LAKE BARUN-TOREY,50.06971951,1.699575158,115.8089656,255.5927428,2.407548518,598,2.776701184,803.78,2.905137196,4.5,0.653212514,0.014166666,-0.126889,0.3,0.690740183,15,49.80952381
VSV7,LAKE BAUNT,55.20597222,1.741986063,113.0076726,252.7914498,2.402762381,1065,3.027349608,111,2.045322979,17,1.230448921,0.019222222,0.166205833,0.175,0.647850648,17,35.98529412
WRS191,AISHIHIK LAKE,61.40847166,1.788228289,-137.1031904,2.6805868,0.428229875,936,2.971275849,147.43,2.168585866,49.7,1.696356389,-0.000277778,1.651357778,2,0.177967426,10,200.2333333
WRS193,ALLUMETTE LAKE,45.97959088,1.662565103,-77.30101234,62.48276486,1.795760239,104,2.017033339,213.04,2.328461153,26.6,1.424881637,0.096666665,0.547937143,-0.666666667,0.253283986,15,160.8571429
WRS194,ALTA LAKE,50.11350083,1.699954743,-122.9808607,16.8029165,1.225384669,641,2.80685803,1.04,0.017033339,10.9,1.037426498,-0.016633928,0.149829015,-0.063492063,0.880553719,29,318.679803
WRS199,ATTAWAPISKAT LAKE,52.24489102,1.718043828,-87.88040441,51.90337279,1.71519558,240,2.380211242,199.73,2.300443302,14.4,1.158362492,0.031207264,-0.027962361,-0.375,0.048073826,37,134.1696697
WRS203,BAKER LAKE,64.12976834,1.807059671,-95.16335496,44.62042224,1.649533676,2,0.301029996,1664.7,3.22133598,60,1.77815125,0.025202569,-0.13018875,-0.5,0.056179957,33,230.8409091
WRS207,BASS LAKE,44.60202274,1.649354555,-79.50919142,60.27458578,1.780134234,249,2.396199347,5.49,0.739572344,5,0.698970004,0.012222222,-0.123808125,0,0.974026484,20,127.2526316
WRS209,BEAR LAKE,55.18333333,1.74180793,-118.8833333,20.9004439,1.32015551,660,2.819543936,33,1.51851394,4,0.602059991,0.009328002,0.257207686,-0.15959253,0.390241397,36,170.9873016
WRS211,BEAVERLODGE LAKE,59.51210756,1.774605331,-108.5557784,31.2279988,1.494544154,240,2.380211242,47.68,1.678336247,26.8,1.428134794,0.014761904,-0.181295833,-0.333333333,0.121132905,31,89.09462366
WRS212,BIG QUILL LAKE,51.88152967,1.715012772,-104.3614131,35.4223641,1.549277543,510,2.707570176,272.89,2.435987621,3.3,0.51851394,0.03118421,0.111889,-0.047619048,0.764997896,35,162.610084
WRS213,BIG TROUT LAKE,53.78206909,1.730637506,-90.06008218,49.72369502,1.696563394,206,2.31386722,644.1,2.808953299,16,1.204119983,0.036474358,-0.064592667,-0.181818182,0.357225054,39,127.9203779
WRS214,BIGWOOD LAKE,50.11316662,1.699951846,-91.89341213,47.89036507,1.680248148,372,2.57054294,0.4,-0.397940009,4.3,0.633468456,0.016805555,0.291045882,-0.181818182,0.819962684,18,130.9705882
WRS216,BURNS LAKE,54.20496152,1.73403904,-125.7297347,14.0540425,1.147801263,697,2.843232778,12.55,1.098643726,16.2,1.209515015,0.074430554,-0.025965595,-1.5,0.087000494,13,104.525641
WRS221,CHURCHILL LAKE,55.97592039,1.748001243,-108.3329938,31.4507834,1.497631468,415,2.618048097,543.87,2.735495104,7.5,0.875061263,0.049047618,-0.71,-2,0.06170669,11,150.5636364
WRS222,CLEARWATER LAKE,54.06372583,1.732905972,-101.0797116,38.7040656,1.587756587,257,2.409933123,283.92,2.453195986,8.7,0.939519253,0.042881944,-0.0006889,0,0.906158918,37,97.09159159
WRS223,COLD LAKE,54.53806804,1.736699749,-110.0722695,29.7115077,1.47292469,531,2.725094521,346.85,2.540141699,43.6,1.639486489,0.00325,-0.122222353,-0.307692308,0.308282609,30,160.8965517
WRS230,DEADMANS POND,48.92665742,1.689545547,-54.53754457,85.24623263,1.930675195,118,2.071882007,2.54,0.404833717,1.8,0.255272505,0.037289376,0.119061071,0.295206972,0.182006064,33,193.5018939
WRS234,DIEFENBAKER LAKE,50.95254327,1.707165866,-106.9076225,32.8761547,1.516881015,551,2.741151599,391.72,2.592975746,25.2,1.401400541,-0.044772726,-0.158148333,-1,0.013966999,22,164.8333333
WRS236,EKAPO LAKE,50.32302423,1.701766733,-102.5724065,37.2113707,1.570675668,587,2.768638101,4.28,0.631443769,3.5,0.544068044,0.030573476,0.088731667,-0.280625,0.132054924,37,126.0855856
WRS237,ELDON LAKE,56.80917447,1.754418478,-101.0137042,38.770073,1.588496619,327,2.514547753,4.6,0.662757832,3.9,0.591064607,0.060416665,-0.164769167,-0.366666667,0.371437605,24,611.4710145
WRS238,ENNADAI LAKE,60.99052411,1.785262365,-101.3829192,38.400858,1.584340928,303,2.481442629,709.89,2.851191058,19.6,1.292256071,0.014175347,-0.041585911,-0.741666667,0.066010014,24,119.6231884
WRS240,FARNSWORTH LAKE,58.68908071,1.768557307,-94.05643858,45.72733862,1.660175926,13,1.113943352,3.92,0.593286067,1.4,0.146128036,0.063078702,0.261889,0.061111111,0.819715365,20,168.2
WRS243,FRAME LAKE,62.45389539,1.795559531,-114.3900686,25.3937086,1.404726132,186,2.269512944,0.9,-0.045757491,3.4,0.531478917,-0.01673344,-0.07123727,-0.0409699,0.864482558,33,134.217803
WRS247,GLENMORE RESERVOIR   ELBOW RIVER,50.98792659,1.707467352,-114.1101455,25.6736317,1.409487307,1072,3.030194785,3.15,0.498310554,6.2,0.792391689,0.100173609,-0.131926833,-1.928571429,0.24638736,13,327.2435897
WRS248,GOLDEN LAKE,45.57614346,1.658737573,-77.35970573,62.42407147,1.795352091,167,2.222716471,36.16,1.558228422,9.1,0.959041392,-0.099999998,0.2609725,0.25,0.7280732,15,92.6952381
WRS249,GOSHEN LAKE,45.37677712,1.656833647,-61.97722536,77.80655184,1.891016169,75,1.875061263,0.13,-0.886056648,2.9,0.462397998,-0.002083334,0.904666,-0.5,0.804336068,15,578.4952381
WRS250,GRACE LAKE,53.8251327,1.730985109,-101.1653297,38.6184475,1.586794811,257,2.409933123,9.34,0.970346876,2.4,0.380211242,0.011666666,0.5654625,-0.095238095,0.721491445,34,182.855615
WRS251,GRAHAM LAKE,49.25875425,1.692483424,-90.56663095,49.21714625,1.692116428,484,2.684845362,1.96,0.292256071,4.2,0.62324929,-0.132499997,-0.30889,1.428571429,0.418961725,10,177.7333333
WRS252,GRAND LAKE,46.16666667,1.664328519,-60.05,79.7337772,1.901642338,27,1.431363764,2,0.301029996,3,0.477121255,0.001973684,-0.260639697,0.142857143,0.617897409,42,528.2886179
WRS253,GREAT BEAR LAKE,65.91122797,1.818959403,-120.3774395,19.4063377,1.287943584,145,2.161368002,30450.64,4.483596425,72.2,1.858537198,-0.108906248,0.955000167,-2.5,0.023642219,12,272.6060606
WRS262,HOURGLASS LAKE,52.12179762,1.717019386,-124.0769332,15.706844,1.19608893,903,2.95568775,0.14,-0.853871964,3.6,0.556302501,0.031874999,-0.374815,1.5,0.158578424,11,104.6181818
WRS265,ISLAND LAKE,53.84896408,1.731177353,-94.15890446,45.62487274,1.659201666,225,2.352182518,964.63,2.984360764,20.1,1.303196057,-0.056493054,-0.602685667,0.422619048,0.563813347,17,135.3897059
WRS270,KLUANE LAKE,61.31808889,1.787588611,-138.7837772,1,0,768,2.88536122,397.6,2.599446376,102.1,2.009025742,0.015746753,-0.429490417,-0.614583333,0.483012275,17,252.0073529
WRS271,KNOB LAKE,54.8,1.738780558,-66.81666667,72.96711053,1.863127149,508,2.705863712,2,0.301029996,5,0.698970004,0.032656249,-0.065926667,0.055555556,0.772147408,31,116.2473118
WRS275,LAC BLOUIN,48.17561471,1.682827265,-77.74608617,62.03769103,1.792655626,291,2.463892989,13.76,1.138618434,8.1,0.908485019,-0.026829975,-0.474117407,-0.140394089,0.406978448,32,90.88709677
WRS276,LAC CACHE,49.76666667,1.696938553,-74.53333333,65.25044387,1.81458347,379,2.57863921,3,0.477121255,8,0.903089987,0.034999999,0.0097225,-1.6,0.009791512,18,210.2647059
WRS279,LAC DES SABLES,46.04286361,1.663162326,-74.30211621,65.48166099,1.816119687,375,2.574031268,2.85,0.45484486,9.8,0.991226076,-0.026057504,-1.773150275,-1.151515152,0.001884177,25,199.2733333
WRS280,LAC LA BICHE,54.86460788,1.73929228,-112.0763355,27.7074417,1.442596428,537,2.729974286,238.98,2.378361557,19.6,1.292256071,-0.016666666,0.32454087,-0.434782609,0.096558011,30,97.9816092
WRS281,LAC LA CHESNAYE,49.3249795,1.693066913,-68.18653412,71.59724308,1.8548963,62,1.792391689,5.51,0.741151599,24.1,1.382017043,0.048148147,-0.518444,-1,0.408961342,14,144.6868132
WRS282,LAC LA RONGE,55.11384124,1.741260681,-104.9716447,34.8121325,1.541730628,360,2.556302501,1296.47,3.112762472,12.7,1.103803721,-0.001388889,-0.246752308,0.5,0.203001931,27,200.5413105
WRS285,LAC ST JEAN,48.64487237,1.687037068,-72.06260198,67.72117522,1.830724486,96,1.982271233,1112.79,3.046413214,11,1.041392685,0.020763888,0.046374211,-0.428571429,0.203426915,23,89.81422925
WRS286,LAKE ADJACENT TO STATION,55.33393916,1.742991588,-63.22034568,76.56343152,1.88402139,470,2.672097858,1.15,0.06069784,2.9,0.462397998,0.043072916,0.917592708,1,0.461591561,13,149.0641026
WRS291,LAKE EON,51.8593689,1.714827227,-63.29271332,76.49106388,1.883610701,557,2.745855195,3.56,0.551449998,7.3,0.86332286,0.029948717,0.122820769,0.721153846,0.118809417,20,140.5763158
WRS294,LAKE KATHLYN,54.82393123,1.738970174,-127.2051839,12.5785933,1.099632075,498,2.697229343,1.31,0.117271296,4.5,0.653212514,0.017555555,0.125714286,-1.090909091,0.102625215,18,251.6633987
WRS295,LAKE KENOGAMI,48.35226215,1.684416797,-71.27220194,68.51157526,1.835763953,158,2.198657087,58.1,1.764176132,6.4,0.806179974,-0.033858024,0.11875,-0.346153846,0.105760971,31,140.0473118
WRS300,LAKE MEGANTIC,45.51477699,1.658152419,-70.87758614,68.90619106,1.838258244,392,2.593286067,28.67,1.457427693,14.3,1.155336037,-0.011819444,-0.888848571,0.225,0.901483047,17,275.2647059
WRS301,LAKE MINNEWANKA,51.25635347,1.709747706,-115.4603036,24.3234736,1.386025596,1469,3.167021796,21.87,1.339848783,83.6,1.922206277,-0.000731707,0.113368125,-0.041666667,0.834795635,46,320.1415459
WRS303,LAKE OF THE WOODS,49.30013028,1.692848067,-94.77504334,45.00873386,1.653296796,320,2.505149978,3472.81,3.540681023,10.7,1.029383778,-0.007615741,-0.080058365,-0.577777778,0.298404819,20,151.7473684
WRS308,LAKE ST CLAIR,42.49333207,1.628320787,-82.70342626,57.08035094,1.756486635,173,2.238046103,1161.17,3.064895807,2.9,0.462397998,0.007482954,0.041978077,0.34057971,0.338171092,29,424.679803
WRS310,LAKE UTOPIA,45.17450314,1.654893385,-66.78991053,72.99386667,1.86328637,17,1.230448921,13.99,1.145817714,12.5,1.096910013,-0.004410897,-0.219771429,-0.878676471,0.005209846,32,242.0554435
WRS311,LAKE WINNIPEG,52.04460987,1.716375757,-97.15389632,42.62988088,1.629714119,215,2.33243846,23923.04,4.378816366,11.9,1.075546961,0.010833333,-0.076222,0,0.917154235,34,94.46791444
WRS312,LAKE WINNIPEGOSIS,52.37561403,1.719129127,-99.9392933,39.8444839,1.600368206,251,2.399673721,5035.51,3.702043463,3.2,0.505149978,0.020208333,0.617775,0.5,0.474274351,10,78.22222222
WRS315,LESSER SLAVE LAKE,55.41564546,1.743632396,-115.7251909,24.0585863,1.381270104,572,2.757396029,1186.51,3.074271403,11.4,1.056904851,0.011145833,-0.007222222,-0.333333333,0.107845282,35,134.3277311
WRS322,LONG LAKE,62.46666667,1.795648332,-114.45,25.3337772,1.403699947,196,2.292256071,1,0,2,0.301029996,0.009791667,0.382121364,-0.176470588,0.231167941,40,107.2403361
WRS324,LYNN LAKE,56.86666667,1.754857772,-101.0833333,38.7004439,1.587715946,335,2.525044807,0.54,-0.26760624,3,0.477121255,0.051083332,0.019061889,0.357142857,0.786421625,16,108.5291667
WRS332,MCLAUGHLIN ROAD RESERVOIR,46.14863046,1.664158817,-64.81501866,74.96875854,1.874880319,47,1.672097858,0.66,-0.180456064,3.4,0.531478917,0.017958333,-0.061120823,0.055555556,0.78495666,36,220.9142857
WRS336,MISSION LAKE,63.33333333,1.801632346,-90.71666667,49.06711053,1.690790484,7,0.84509804,0.19,-0.721246399,6,0.77815125,-0.021010101,0.586851667,0.267857143,0.506335268,17,114.0955882
WRS339,MOUNT HYDE LAKE,53.55849212,1.728828341,-64.13092801,75.65284919,1.878825289,418,2.621176282,4.59,0.661812686,4.4,0.643452676,0.090486109,-0.410164118,-0.333333333,0.303901599,21,122.3571429
WRS344,NITCHEQUON LAKE,53.11639696,1.725228608,-71.03903892,68.74473828,1.837239463,527,2.721810615,282.47,2.45097233,10.9,1.037426498,0.000988529,0.515120326,-0.134848485,0.661081069,32,97.93548387
WRS346,NYM LAKE,48.69312627,1.687467659,-91.46938891,48.31438829,1.684076485,425,2.62838893,18.37,1.264109156,6.3,0.799340549,0.029722222,0.273625789,-0.5,0.193766224,22,95.04761905
WRS350,ONE EYE LAKE,51.96925686,1.715746507,-124.9019824,14.8817948,1.172655312,901,2.954724791,4.81,0.682145076,10.2,1.008600172,0.064777776,-0.07680625,-1.145833333,0.448528752,12,177.6969697
WRS351,PELICAN LAKE,50.07973451,1.699662018,-91.93946441,47.84431279,1.679830321,355,2.550228353,47.28,1.674677468,13.6,1.133538908,0.02031362,-0.049416606,-0.054411765,0.713654672,37,122.8543544
WRS352,PICKLE LAKE,51.45,1.711385379,-90.21666667,49.56711053,1.695193603,353,2.547774705,11,1.041392685,7,0.84509804,0.031785714,-0.074378824,-0.153846154,0.614779069,23,91.7944664
WRS353,PICNIC LAKE,48.60990537,1.686724776,-85.26819437,54.51558283,1.73652066,368,2.565847819,2.11,0.324282455,5.1,0.707570176,0.049107142,-1.423412232,-2.55,0.149860748,12,179.9015152
WRS356,PLATEAU LAKE,48.73952642,1.687881305,-91.47768019,48.30609701,1.684001949,433,2.636487896,6.75,0.829303773,4.8,0.681241237,-0.001785714,0.480741111,-0.5,0.048124492,18,58.83986928
WRS361,PRIMROSE LAKE,54.90246038,1.739591807,-109.7358464,30.0479308,1.47781457,595,2.774516966,436.35,2.63983498,9.8,0.991226076,0.046228069,-0.273594706,-0.545454545,0.13372993,26,141.8215385
WRS363,RAMSEY LAKE,46.47342183,1.667204651,-80.93212519,58.85165201,1.769758658,246,2.390935107,7.99,0.902546779,8.8,0.944482672,-0.011991071,0.240596408,0.33908046,0.04241358,40,110.9942308
WRS370,RICE LAKE,51.03333333,1.707853936,-95.66666667,44.11711053,1.64460706,250,2.397940009,4,0.602059991,7,0.84509804,-0.014861111,-0.024445385,-0.211111111,0.821535654,16,93.4625
WRS376,SETTING LAKE,54.98551505,1.740248297,-98.63624467,41.14753253,1.614343797,222,2.346352974,126.02,2.100439475,13.7,1.136720567,0.006064814,0.462955909,-0.732142857,0.190517972,12,66.45454545
WRS383,STEEP ROCK LAKE,48.79564581,1.68838107,-91.67027399,48.11350321,1.68226698,389,2.589949601,6.28,0.797959644,10.4,1.017033339,0.016857639,-0.309591667,-0.5,0.226033463,21,66.33333333
WRS385,STUART LAKE,54.56183789,1.736888991,-124.590852,15.1929252,1.1816414,678,2.831229694,357.88,2.553737429,66.4,1.822168079,0.037239582,-0.5699075,1.266666667,0.40947829,12,316.8787879
WRS391,TESLIN LAKE,59.97152733,1.777945109,-132.3988715,7.3849057,0.868344954,683,2.834420704,355.58,2.550937326,69.7,1.843232778,-0.009601852,0.154851288,-0.434285714,0.223489519,32,293.1925403
WRS393,TOOKENAY LAKE,48.63530803,1.686951671,-85.22399329,54.55978391,1.736872642,406,2.608526034,3.18,0.50242712,11,1.041392685,-0.0784623,-0.304684,-0.75,0.271240886,13,99.76923077
WRS425,UPPER TWIN LAKE AND LOWER TWIN LAKE,50.18333333,1.700559505,-86.7,53.0837772,1.724961818,298,2.474216264,11,1.041392685,6,0.77815125,0.01297619,-0.1141675,0.833333333,0.37109337,10,129.5111111
WRS428,WASCANA LAKE,50.42886556,1.702679198,-104.6085984,35.1751788,1.546236314,570,2.755874856,1.17,0.068185862,2.4,0.380211242,0.003121626,-0.007717399,0.320512821,0.513875518,28,231.5595238
WRS430,WATSON LAKE,60.11666667,1.778994892,-128.8166667,10.9671105,1.040092219,673,2.828015064,15,1.176091259,12,1.079181246,0.038893228,-0.002914348,-0.4,0.015975721,37,98.02702703
WRS433,WHITE WATER LAKE,46.53295903,1.66776067,-81.12682412,58.65695308,1.7683195,263,2.419955748,9.48,0.976808337,6.4,0.806179974,0.033935184,-0.898055,0.111111111,0.725369364,19,86.42690058
WRS434,WILLIAMS LAKE,52.18333333,1.717531817,-122.05,17.7337772,1.248801248,564,2.751279104,7,0.84509804,19,1.278753601,0.023388888,0.381666667,0.125,0.910029315,22,258.8225108
WRS437,YORK LAKE,51.15280747,1.708869475,-102.4703403,37.3134369,1.571865253,508,2.705863712,3.14,0.496929648,1.9,0.278753601,0.034919354,-0.0175,0.178571429,0.371374714,38,188.0206259
