lakecode,lakename,Latitude_dd,loglat,Longitude_dd,Longitude_standard,loglong,log_CONT,LONG_raw,long_log_cont,Elevation_m,logelev,SurfaceArea_km2,logSA,MeanDepth_m,logMD,airtemp_trend,AT_standardized,log_AT,precip_trend,PPT_standard,log_PPT,ID_slope,posneg,ID slope p,obs,TS_cat,CONT
WRS353,PICNIC LAKE,48.60990537,1.686724776,-85.26819437,54.51558283,1.73652066,0.34478403,4.910151749,0.402756519,368,2.565847819,2.11,0.324282455,5.1,0.707570176,0.049107142,0.199107142,-0.700913161,-1.423412232,0.576587768,-0.239134575,-2.55,Negative,0.149860748,12,0,WEST
WRS253,GREAT BEAR LAKE,65.91122797,1.818959403,-120.3774395,19.4063377,1.287943584,-1.469024911,-30.19909338,-1.716028898,145,2.161368002,30450.64,4.483596425,72.2,1.858537198,-0.108906248,0.041093752,-1.386224204,0.955000167,2.955000167,0.47055751,-2.5,Negative,0.023642219,12,0,WEST
WRS221,CHURCHILL LAKE,55.97592039,1.748001243,-108.3329938,31.4507834,1.497631468,-0.621157779,-18.15464768,-0.725600152,415,2.618048097,543.87,2.735495104,7.5,0.875061263,0.049047618,0.199047618,-0.701043015,-0.71,1.29,0.11058971,-2,Negative,0.06170669,11,0,WEST
WRS247,GLENMORE RESERVOIR   ELBOW RIVER,50.98792659,1.707467352,-114.1101455,25.6736317,1.409487307,-0.977566245,-23.93179938,-1.141935656,1072,3.030194785,3.15,0.498310554,6.2,0.792391689,0.100173609,0.250173609,-0.601758506,-0.131926833,1.868073167,0.271393882,-1.928571429,Negative,0.24638736,13,0,WEST
VSV2,LAKE IMANDRA,67.72290175,1.830735558,33.11725251,172.9010297,2.23779758,-0.063870475,-3.51160277,-0.063870475,127,2.103803721,876,2.942504106,13,1.113943352,-0.121071426,0.028928574,-1.538672974,-0.42861,1.57139,0.196283985,-1.8,Negative,0.2104977,10,0,EAST
MINN40,KABEKONA,47.16659261,1.673634503,-94.76893341,45.01484379,1.653355747,0.008509015,-4.590587291,0.009939734,392,2.593286067,9.1,0.959041392,9.2,0.963787827,0.001527778,0.151527778,-0.819507745,-1.17333,0.82667,-0.082667823,-1.777777778,Negative,0.187559609,14,0,WEST
WRS276,LAC CACHE,49.76666667,1.696938553,-74.53333333,65.25044387,1.81458347,0.660428833,15.64501279,0.771474298,379,2.57863921,3,0.477121255,8,0.903089987,0.034999999,0.184999999,-0.732828274,0.0097225,2.0097225,0.303136095,-1.6,Negative,0.009791512,18,0,WEST
MICH05,EAGLE LAKE,41.80390028,1.621216803,-86.02446998,53.75930722,1.730453663,0.320252296,4.153876139,0.374099984,242,2.383815366,1.618,0.208978517,3.5,0.544068044,0.05460648,0.20460648,-0.689080616,0.059066736,2.059066736,0.313670423,-1.522727273,Negative,0.026957455,24,0,WEST
WRS216,BURNS LAKE,54.20496152,1.73403904,-125.7297347,14.0540425,1.147801263,-2.035686492,-35.55138858,-2.377969782,697,2.843232778,12.55,1.098643726,16.2,1.209515015,0.074430554,0.224430554,-0.648918018,-0.025965595,1.974034405,0.295354718,-1.5,Negative,0.087000494,13,0,WEST
LR1,ONEIDA,43.21011271,1.635585399,-75.90521318,63.87856402,1.805355145,0.623114357,14.27313294,0.727885712,112,2.049218023,206.7,2.315340477,6.8,0.832508913,0.040902777,0.190902777,-0.719187754,0.34686125,2.34686125,0.370487414,-1.286363636,Negative,0.049461458,21,0,WEST
JJM31,ANVIL LAKE,45.9442104,1.662230792,-89.06448243,50.71929477,1.705173206,0.218031471,1.113863689,0.2546916,516.6,2.713154402,1.6,0.204119983,5.79,0.762678564,0.080486109,0.230486109,-0.637355244,0.3190275,2.3190275,0.365305899,-1.25,Negative,0.377718107,14,0,WEST
WRS279,LAC DES SABLES,46.04286361,1.663162326,-74.30211621,65.48166099,1.816119687,0.666640484,15.87622991,0.778730385,375,2.574031268,2.85,0.45484486,9.8,0.991226076,-0.026057504,0.123942496,-0.906779762,-1.773150275,0.226849725,-0.644261743,-1.151515152,Negative,0.001884177,25,0,WEST
WRS350,ONE EYE LAKE,51.96925686,1.715746507,-124.9019824,14.8817948,1.172655312,-1.935189836,-34.72363628,-2.260575471,901,2.954724791,4.81,0.682145076,10.2,1.008600172,0.064777776,0.214777776,-0.668010659,-0.07680625,1.92319375,0.284023039,-1.145833333,Negative,0.448528752,12,0,WEST
RB39,PYHAVESI E,61.40828075,1.788226939,26.92726149,166.7110387,2.221964357,-0.321338395,-9.70159379,-0.321338395,82,1.913813852,15,1.176091259,8.7,0.939519253,-0.004626736,0.145373264,-0.837515458,0.118703813,2.118703813,0.326070248,-1.125,Negative,0.002734666,37,36-45,EAST
WRS294,LAKE KATHLYN,54.82393123,1.738970174,-127.2051839,12.5785933,1.099632075,-2.230457265,-37.02683778,-2.605489596,498,2.697229343,1.31,0.117271296,4.5,0.653212514,0.017555555,0.167555555,-0.775841169,0.125714286,2.125714286,0.327504891,-1.090909091,Negative,0.102625215,18,0,WEST
RA1,LAKE MUEGGELSEE,52.43696615,1.719637557,13.65000026,153.4337775,2.185920977,-0.90744863,-22.97885502,-0.90744863,32.37,1.510142699,7.3,0.86332286,4.9,0.69019608,0.016770833,0.166770833,-0.777879902,0.432555286,2.432555286,0.386062719,-1.083333333,Negative,0.59167167,17,0,EAST
RA2,NEHMITZSEE,53.13455519,1.725377049,12.98446345,152.7682407,2.184033077,-0.938148235,-23.64439183,-0.938148235,59,1.770852012,1.7,0.230448921,6.4,0.806179974,0.012588384,0.162588384,-0.788910485,0.254061444,2.254061444,0.35296575,-1.029411765,Negative,0.413431351,25,0,EAST
WRS234,DIEFENBAKER LAKE,50.95254327,1.707165866,-106.9076225,32.8761547,1.516881015,-0.543322771,-16.72927638,-0.634677853,551,2.741151599,391.72,2.592975746,25.2,1.401400541,-0.044772726,0.105227274,-0.97787168,-0.158148333,1.841851667,0.265254651,-1,Negative,0.013966999,22,0,WEST
ML01,LAKE VATTERN AT VISINGSO FERRY,58.33265875,1.765911772,14.489715,154.2734922,2.188291311,-0.868904048,-22.13914028,-0.868904048,89,1.949390007,1886,3.275541688,38,1.579783597,-0.045972221,0.104027779,-0.982850674,0.018888824,2.018888824,0.305112404,-1,Negative,0.322585608,22,0,EAST
WRS281,LAC LA CHESNAYE,49.3249795,1.693066913,-68.18653412,71.59724308,1.8548963,0.823432641,21.991812,0.961885804,62,1.792391689,5.51,0.741151599,24.1,1.382017043,0.048148147,0.198148147,-0.703009985,-0.518444,1.481556,0.170718072,-1,Negative,0.408961342,14,0,WEST
JJM5,LITTLE ROCK LAKE,45.99765617,1.662735703,-89.70497639,50.07880081,1.699653921,0.195714395,0.473369729,0.228622099,495.61,2.695140061,0.15,-0.823908741,3.8,0.579783597,0.048833332,0.198833332,-0.70151081,-0.211750871,1.788249129,0.252428022,-1,Negative,0.498589426,16,0,WEST
EK9,LAKE KIIMASJARVI (1421),62.62761325,1.796765861,25.49830156,165.2820788,2.218225766,-0.382132539,-11.13055372,-0.382132539,107,2.029383778,4,0.602059991,9.1,0.959041392,-0.022777777,0.127222223,-0.89543702,-0.9111125,1.0888875,0.036983012,-1,Negative,0.591505037,10,0,EAST
WRS310,LAKE UTOPIA,45.17450314,1.654893385,-66.78991053,72.99386667,1.86328637,0.857357656,23.38843559,1.00151502,17,1.230448921,13.99,1.145817714,12.5,1.096910013,-0.004410897,0.145589103,-0.83687113,-0.219771429,1.780228571,0.250475767,-0.878676471,Negative,0.005209846,32,26-35,WEST
RB18,VATIAJARVI E,62.48333333,1.79576419,25.9,165.6837772,2.219279987,-0.364989593,-10.72885528,-0.364989593,89,1.949390007,6,0.77815125,4.05,0.607455023,0.003657852,0.153657852,-0.813445242,0.162487222,2.162487222,0.33495355,-0.875,Negative,0.010323935,32,26-35,EAST
VSV4,LAKE AZAS,52.39135159,1.719259603,96.50717836,236.2909556,2.373447099,2.141959597,59.87832308,2.141959597,941,2.973589623,51.5,1.711807229,17.3,1.238046103,0.032041666,0.182041666,-0.739829199,-0.0951945,1.9048055,0.279850636,-0.869747899,Negative,0.007093113,21,0,EAST
MICH07,DOUGLAS LAKE,45.58216933,1.65879499,-84.7036448,55.0801324,1.740994976,0.362875803,5.474701319,0.423890268,214,2.330413773,15.08,1.178401342,5.5,0.740362689,0.043472221,0.193472221,-0.713381383,-0.210714286,1.789285714,0.252679694,-0.818181818,Negative,0.13372993,26,26-35,WEST
JJM26,DEVILS LAKE,43.41687466,1.637658558,-89.73209947,50.05167773,1.69941864,0.194763043,0.446246649,0.227510785,293.52,2.467637699,1.51,0.178976947,9.14,0.960946196,0.016119281,0.166119281,-0.779579957,0.127835498,2.127835498,0.32793805,-0.757166257,Negative,0.000214683,48,46-55,WEST
WRS393,TOOKENAY LAKE,48.63530803,1.686951671,-85.22399329,54.55978391,1.736872642,0.34620726,4.954352829,0.404419052,406,2.608526034,3.18,0.50242712,11,1.041392685,-0.0784623,0.0715377,-1.145465027,-0.304684,1.695316,0.229250661,-0.75,Negative,0.271240886,13,0,WEST
WRS238,ENNADAI LAKE,60.99052411,1.785262365,-101.3829192,38.400858,1.584340928,-0.270550487,-11.20457308,-0.31604124,303,2.481442629,709.89,2.851191058,19.6,1.292256071,0.014175347,0.164175347,-0.784692057,-0.041585911,1.958414089,0.291904525,-0.741666667,Negative,0.066010014,24,0,WEST
WRS376,SETTING LAKE,54.98551505,1.740248297,-98.63624467,41.14753253,1.614343797,-0.14923472,-8.457898551,-0.174327263,222,2.346352974,126.02,2.100439475,13.7,1.136720567,0.006064814,0.156064814,-0.806695001,0.462955909,2.462955909,0.391456637,-0.732142857,Negative,0.190517972,12,0,WEST
KMS18,SCHROON,43.7593174,1.641070539,-73.78163982,66.00213738,1.819558,0.680543207,16.3967063,0.794970732,246,2.390935107,21.87,1.339848783,1.5,0.176091259,0.030624999,0.180624999,-0.743222142,0.1015275,2.1015275,0.322535077,-0.714285714,Negative,0.004825109,38,36-45,WEST
WRS193,ALLUMETTE LAKE,45.97959088,1.662565103,-77.30101234,62.48276486,1.795760239,0.584317622,12.87733378,0.682565637,104,2.017033339,213.04,2.328461153,26.6,1.424881637,0.096666665,0.246666665,-0.607889538,0.547937143,2.547937143,0.40618871,-0.666666667,Negative,0.253283986,15,0,WEST
MICH06,FAIR LAKE,42.48542873,1.628240005,-85.3322813,54.4514959,1.736009815,0.342718443,4.846064819,0.40034362,280.11,2.447328614,0.926,-0.033389013,4.2,0.62324929,0.014035303,0.164035303,-0.785062675,0.08178987,2.08178987,0.318436891,-0.661904762,Negative,0.001371532,49,46-55,WEST
EK27,LAKE KIVIJARVI (1408),63,1.799340549,25.16666667,164.9504439,2.217353489,-0.396316849,-11.46218861,-0.396316849,118,2.071882007,154.026,2.187594037,8.36,0.922206277,0.002154558,0.152154558,-0.817715033,-0.23,1.77,0.247973266,-0.660714286,Negative,0.535955526,17,0,EAST
MINN42,PRIOR,44.71666667,1.650469422,-93.41666667,46.36711053,1.666210033,0.060484964,-3.238320551,0.070654993,272,2.434568904,5,0.698970004,6,0.77815125,0.040694444,0.190694444,-0.71966196,-0.118148333,1.881851667,0.274585388,-0.65,Negative,0.145919339,23,0,WEST
JJM10,NORTH TWIN LAKE,46.04679463,1.663199404,-89.1415281,50.6422491,1.704512985,0.215361886,1.036818019,0.251573147,512.67,2.709837904,11.26,1.051538391,8.53,0.930949031,0.091999998,0.241999998,-0.616184638,-1.501874375,0.498125625,-0.302661116,-0.65,Negative,0.680041838,12,0,WEST
KMS4,CHATEAGUAY (LOWER),44.81846247,1.651456954,-74.01823016,65.76554704,1.817998437,0.674237157,16.16011596,0.787604374,399,2.600972896,2.13,0.328379603,10,1,0.030469135,0.180469135,-0.743597063,0.262468012,2.262468012,0.354582448,-0.638181818,Negative,0.220100439,28,26-35,WEST
EC01,BASS-PATTERSON LAKE,45.9448744,1.662237069,-91.62915952,48.15461768,1.682637939,0.126910745,-1.450813401,0.148249702,348,2.541579244,0.761,-0.118615343,4.7,0.672097858,0.023888888,0.173888888,-0.75972817,0.5355575,2.5355575,0.404073464,-0.636363636,Negative,0.246057248,19,0,WEST
WRS270,KLUANE LAKE,61.31808889,1.787588611,-138.7837772,1,0,-6.676789003,-48.60543108,-7.799434024,768,2.88536122,397.6,2.599446376,102.1,2.009025742,0.015746753,0.165746753,-0.780554971,-0.429490417,1.570509583,0.196040591,-0.614583333,Negative,0.483012275,17,0,WEST
WRS303,LAKE OF THE WOODS,49.30013028,1.692848067,-94.77504334,45.00873386,1.653296796,0.008270649,-4.596697221,0.009661288,320,2.505149978,3472.81,3.540681023,10.7,1.029383778,-0.007615741,0.142384259,-0.846538021,-0.080058365,1.919941635,0.283288027,-0.577777778,Negative,0.298404819,20,0,WEST
JJM1,ALLEQUASH LAKE,46.03668734,1.663104066,-89.62049582,50.16328138,1.700385938,0.198674286,0.557850299,0.232079669,494.2,2.693902741,1.684,0.226342087,2.9,0.462397998,0.022159722,0.172159722,-0.764068447,-0.300804119,1.699195881,0.230243447,-0.569230769,Negative,0.049560173,32,26-35,WEST
JK38,PAIJANNE - TEHI,61.48,1.788733859,25.56,165.3437772,2.218387855,-0.37949677,-11.06885528,-0.37949677,78.3,1.893761762,1080,3.033423755,15,1.176091259,0.035074786,0.185074786,-0.732652744,0.108156184,2.108156184,0.323902783,-0.550055617,Negative,0.000666424,52,46-55,EAST
WRS361,PRIMROSE LAKE,54.90246038,1.739591807,-109.7358464,30.0479308,1.47781457,-0.701286856,-19.55750028,-0.819202248,595,2.774516966,436.35,2.63983498,9.8,0.991226076,0.046228069,0.196228069,-0.70723887,-0.273594706,1.726405294,0.237142759,-0.545454545,Negative,0.13372993,26,26-35,WEST
JJM7,TROUT BOG,46.03333333,1.663072424,-89.68333333,50.10044387,1.699841574,0.196473165,0.495012789,0.229508449,494,2.693726949,0.011,-1.958607315,5.6,0.748188027,0.037916666,0.187916666,-0.726034701,-0.187076875,1.812923125,0.258379389,-0.522727273,Negative,0.108089911,32,26-35,WEST
JD01,LAKE KEGONSA,42.96564792,1.633121365,-89.25144033,50.53233687,1.703569383,0.211546457,0.926905789,0.247116186,256.95,2.409848622,12.99,1.113609151,5.18,0.71432976,0.02175,0.17175,-0.765103254,0.014245128,2.014245128,0.304112322,-0.5,Negative,0.002844124,51,46-55,WEST
KMS24,CRANBERRY,44.1666569,1.645094528,-74.81928578,64.96449142,1.812676043,0.652716205,15.35906034,0.762464858,457.2,2.660106222,28.308,1.451909187,1.8,0.255272505,0.021666666,0.171666666,-0.765314027,-0.105555556,1.894444444,0.277481874,-0.5,Negative,0.032953159,35,26-35,WEST
WRS356,PLATEAU LAKE,48.73952642,1.687881305,-91.47768019,48.30609701,1.684001949,0.132426082,-1.299334071,0.154692396,433,2.636487896,6.75,0.829303773,4.8,0.681241237,-0.001785714,0.148214286,-0.829109934,0.480741111,2.480741111,0.394581444,-0.5,Negative,0.048124492,18,0,WEST
WRS203,BAKER LAKE,64.12976834,1.807059671,-95.16335496,44.62042224,1.649533676,-0.006945422,-4.985008841,-0.008113236,2,0.301029996,1664.7,3.22133598,60,1.77815125,0.025202569,0.175202569,-0.75645953,-0.13018875,1.86981125,0.271797768,-0.5,Negative,0.056179957,33,26-35,WEST
JJM3,CRYSTAL BOG,46,1.662757832,-89.6,50.1837772,1.700563346,0.19939163,0.578346119,0.232917629,502,2.700703717,0.005,-2.301029996,1.7,0.230448921,0.037916666,0.187916666,-0.726034701,-0.187076875,1.812923125,0.258379389,-0.5,Negative,0.13922547,32,26-35,WEST
WRS346,NYM LAKE,48.69312627,1.687467659,-91.46938891,48.31438829,1.684076485,0.132727466,-1.291042791,0.155044455,425,2.62838893,18.37,1.264109156,6.3,0.799340549,0.029722222,0.179722222,-0.745398221,0.273625789,2.273625789,0.356718987,-0.5,Negative,0.193766224,22,0,WEST
WRS383,STEEP ROCK LAKE,48.79564581,1.68838107,-91.67027399,48.11350321,1.68226698,0.125410783,-1.491927871,0.146497534,389,2.589949601,6.28,0.797959644,10.4,1.017033339,0.016857639,0.166857639,-0.777653906,-0.309591667,1.690408333,0.227991625,-0.5,Negative,0.226033463,21,0,WEST
MICH01,SCHOOL SECTION LAKE,43.59759345,1.639462517,-85.27403389,54.50974331,1.736474137,0.344595916,4.904312229,0.402536774,295,2.469822016,0.138,-0.860120914,3.1,0.491361694,0.048281249,0.198281249,-0.702718354,-0.635,1.365,0.135132651,-0.5,Negative,0.67671211,18,0,WEST
WRS249,GOSHEN LAKE,45.37677712,1.656833647,-61.97722536,77.80655184,1.891016169,0.969482328,28.20112076,1.132492497,75,1.875061263,0.13,-0.886056648,2.9,0.462397998,-0.002083334,0.147916666,-0.829982891,0.904666,2.904666,0.463096201,-0.5,Negative,0.804336068,15,0,WEST
HB01,MIRROR LAKE,43.9436421,1.642896049,-71.69299041,68.09078679,1.833088352,0.735252809,18.48535571,0.858879287,213,2.328379603,0.15,-0.823908741,4.8,0.681241237,0.046284721,0.196284721,-0.707113505,0.0719445,2.0719445,0.316378118,-0.481481481,Negative,0.009174707,38,36-45,WEST
JJM18,LAKE WINGRA,43.05414937,1.634015013,-89.41921729,50.36455991,1.702125043,0.205706309,0.759128829,0.240294067,258.47,2.412410143,1.4,0.146128036,3.1,0.491361694,0.035347221,0.185347221,-0.732013921,-0.033006471,1.966993529,0.293802931,-0.444444444,Negative,0.044808325,42,36-45,WEST
BIR1,LAKE BALATON,46.88183838,1.671004633,17.83831935,157.6220966,2.1976171,-0.717255108,-18.79053593,-0.717255108,104,2.017033339,596,2.77524626,3,0.477121255,0.030119047,0.180119047,-0.74444036,-0.108223065,1.891776935,0.276869926,-0.436507937,Negative,0.465314088,32,26-35,EAST
WRS280,LAC LA BICHE,54.86460788,1.73929228,-112.0763355,27.7074417,1.442596428,-0.843690434,-21.89798938,-0.985549772,537,2.729974286,238.98,2.378361557,19.6,1.292256071,-0.016666666,0.133333334,-0.875061261,0.32454087,2.32454087,0.366337186,-0.434782609,Negative,0.096558011,30,26-35,WEST
KMS19,STAR,44.15633701,1.644993039,-75.04257766,64.74119954,1.811180742,0.646669997,15.13576846,0.755402031,442,2.645422269,0.823,-0.084600165,6.8,0.832508913,0.033223214,0.183223214,-0.737019503,-0.219079991,1.780920009,0.250644413,-0.434285714,Negative,0.136342303,33,26-35,WEST
WRS391,TESLIN LAKE,59.97152733,1.777945109,-132.3988715,7.3849057,0.868344954,-3.165660312,-42.22052538,-3.697939044,683,2.834420704,355.58,2.550937326,69.7,1.843232778,-0.009601852,0.140398148,-0.852638621,0.154851288,2.154851288,0.333417304,-0.434285714,Negative,0.223489519,32,26-35,WEST
JK33,LIVOJARVI,65.99123575,1.819486261,28.12126372,167.9050409,2.225063735,-0.270938649,-8.50759156,-0.270938649,243.7,2.386855529,33,1.51851394,5.8,0.763427994,0.022723214,0.172723214,-0.762649289,0.146497589,2.146497589,0.331730405,-0.428571429,Negative,0.023685346,40,36-45,EAST
WRS285,LAC ST JEAN,48.64487237,1.687037068,-72.06260198,67.72117522,1.830724486,0.725694583,18.11574414,0.847713926,96,1.982271233,1112.79,3.046413214,11,1.041392685,0.020763888,0.170763888,-0.767603966,0.046374211,2.046374211,0.310985054,-0.428571429,Negative,0.203426915,23,0,WEST
PJD7,DRC LAKES,45.22,1.655330558,-78.93,60.8537772,1.78428754,0.537928082,11.24834612,0.628376093,338.51,2.529571503,0.52,-0.283996656,8.8,0.944482672,0.033406338,0.183406338,-0.73658566,0.172176131,2.172176131,0.336895037,-0.420168067,Negative,0.227011559,20,0,WEST
JJM4,CRYSTAL LAKE,46.00163865,1.662773302,-89.61286129,50.17091591,1.700452029,0.198941523,0.565484829,0.23239184,502.1,2.700790221,0.367,-0.435333936,10.4,1.017033339,0.024713541,0.174713541,-0.757673434,-0.431845606,1.568154394,0.195388819,-0.410526316,Negative,0.134881013,32,26-35,WEST
DML1,LEJ DA SAN MUREZZAN,46.49367459,1.667393872,9.846736107,149.6305133,2.175020166,-1.084709389,-26.78211917,-1.084709389,1768,3.247482261,0.78,-0.107905397,25,1.397940009,0.028117559,0.178117559,-0.749293265,-0.164779286,1.835220714,0.263688302,-0.408333333,Negative,0.431998015,17,0,EAST
WRS430,WATSON LAKE,60.11666667,1.778994892,-128.8166667,10.9671105,1.040092219,-2.471205018,-38.63832058,-2.886717027,673,2.828015064,15,1.176091259,12,1.079181246,0.038893228,0.188893228,-0.723783612,-0.002914348,1.997085652,0.300396692,-0.4,Negative,0.015975721,37,36-45,WEST
DD01,SAND LAKE,45.92,1.662001879,-92.18,47.6037772,1.677641414,0.106707435,-2.001653881,0.124649379,304,2.482873584,3.755,0.574609941,6.4,0.806179974,0.043382352,0.193382352,-0.713583162,0.233148333,2.233148333,0.348917571,-0.4,Negative,0.178177031,26,26-35,WEST
JK35,NAAMANKAJARVI,65.1050725,1.813614827,28.30946922,168.0932464,2.225550265,-0.263027066,-8.31938606,-0.263027066,173.5,2.239299479,8.52,0.930439595,2.9,0.462397998,0.040906862,0.190906862,-0.719178461,0.090754286,2.090754286,0.320302996,-0.388888889,Negative,0.037202617,47,46-55,EAST
WRS199,ATTAWAPISKAT LAKE,52.24489102,1.718043828,-87.88040441,51.90337279,1.71519558,0.258556662,2.297941709,0.302030755,240,2.380211242,199.73,2.300443302,14.4,1.158362492,0.031207264,0.181207264,-0.741824397,-0.027962361,1.972037639,0.2949152,-0.375,Negative,0.048073826,37,36-45,WEST
WRS237,ELDON LAKE,56.80917447,1.754418478,-101.0137042,38.770073,1.588496619,-0.253747066,-10.83535808,-0.296412467,327,2.514547753,4.6,0.662757832,3.9,0.591064607,0.060416665,0.210416665,-0.676919867,-0.164769167,1.835230833,0.263690697,-0.366666667,Negative,0.371437605,24,0,WEST
JJM6,SPARKLING LAKE,46.00862229,1.662839229,-89.70046914,50.08330806,1.699693007,0.195872439,0.477876979,0.228806715,494.8,2.694429691,0.64,-0.193820026,10.9,1.037426498,0.035381944,0.185381944,-0.731932568,-0.246459313,1.753540687,0.243915847,-0.363636364,Negative,0.152826344,32,26-35,WEST
MINN38,SHAGAWA,47.91215441,1.6804457,-91.88898082,47.89479638,1.680288331,0.11741017,-1.710634701,0.137151687,404,2.606381365,9.6,0.982271233,9.7,0.986771734,0.039583333,0.189583333,-0.722199846,0.218518519,2.218518519,0.346063058,-0.363636364,Negative,0.19223791,30,26-35,WEST
JGL01,SPIRIT LAKE,43.47709337,1.638260502,-95.10176239,44.68201481,1.650132748,-0.004523091,-4.923416271,-0.005283611,427,2.630427875,4.31,0.63447727,2.3,0.361727836,0.017393729,0.167393729,-0.776260816,0.318692306,2.318692306,0.365243121,-0.355042017,Negative,0.024522708,53,46-55,WEST
WRS295,LAKE KENOGAMI,48.35226215,1.684416797,-71.27220194,68.51157526,1.835763953,0.746071528,18.90614418,0.87151708,158,2.198657087,58.1,1.764176132,6.4,0.806179974,-0.033858024,0.116141976,-0.935010789,0.11875,2.11875,0.326079716,-0.346153846,Negative,0.105760971,31,26-35,WEST
JK23,KIVIJARVI - SAARENKYLA (1407),63.27,1.801197834,25.13,164.9137772,2.217256939,-0.397886872,-11.49885528,-0.397886872,130.8,2.116607744,154,2.187520721,8.36,0.922206277,0.027356442,0.177356442,-0.751153032,0.164019963,2.164019963,0.335261263,-0.338541667,Negative,0.003983559,56,56-65,EAST
JK27,KEVOJARVI,69.75394,1.843568743,27.01438653,166.7981637,2.222191265,-0.317648588,-9.61446875,-0.317648588,75.3,1.876794976,1,0,9.3,0.968482949,0.043816287,0.193816287,-0.712609731,0.036044911,2.036044911,0.308787353,-0.333333333,Negative,0.018247718,45,36-45,EAST
JJM2,BIG MUSKELLUNGE LAKE,46.01608472,1.662909664,-89.62256607,50.16121113,1.700368014,0.198601811,0.555780049,0.231995008,500.3,2.699230503,3.963,0.598024072,7.5,0.875061263,0.027706582,0.177706582,-0.750296486,0.073881224,2.073881224,0.31678388,-0.333333333,Negative,0.036011226,44,36-45,WEST
VSV11,LAKE JACK LONDON,62.07291667,1.792902152,149.5468745,289.3306517,2.461394445,3.572092944,112.9180192,3.572092944,802,2.904174368,14.4,1.158362492,33.2,1.521138084,0.019595238,0.169595238,-0.770586346,0.020146304,2.020146304,0.305382823,-0.333333333,Negative,0.050950511,36,36-45,EAST
JK36,OIJARVI,65.63273975,1.817120534,25.90313181,165.686909,2.219288196,-0.364856105,-10.72572347,-0.364856105,89.8,1.953276337,21.05,1.3232521,12.7,1.103803721,0.029722222,0.179722222,-0.745398221,0.151481333,2.151481333,0.332737582,-0.333333333,Negative,0.054162587,54,46-55,EAST
VSV24,LAKE TAYMYR,74.52404446,1.872296416,101.276011,241.0597882,2.382124771,2.283069348,64.64715572,2.283069348,6,0.77815125,4560,3.658964843,2.8,0.447158031,0.033425925,0.183425925,-0.736539282,-0.067777692,1.932222308,0.286057092,-0.333333333,Negative,0.063366855,26,26-35,EAST
KMS5,GENEGANTSLET,42.51634467,1.628555919,-75.77498338,64.00879382,1.806239643,0.6266908,14.40336274,0.732063504,454,2.657055853,0.437,-0.359518563,6.1,0.785329835,0.025378787,0.175378787,-0.756022938,0.2121665,2.2121665,0.344817811,-0.333333333,Negative,0.096959045,42,36-45,WEST
WRS315,LESSER SLAVE LAKE,55.41564546,1.743632396,-115.7251909,24.0585863,1.381270104,-1.091661721,-25.54684478,-1.275215312,572,2.757396029,1186.51,3.074271403,11.4,1.056904851,0.011145833,0.161145833,-0.79278092,-0.007222222,1.992777778,0.299458872,-0.333333333,Negative,0.107845282,35,36-45,WEST
WRS211,BEAVERLODGE LAKE,59.51210756,1.774605331,-108.5557784,31.2279988,1.494544154,-0.633641248,-18.37743228,-0.740182609,240,2.380211242,47.68,1.678336247,26.8,1.428134794,0.014761904,0.164761904,-0.783143198,-0.181295833,1.818704167,0.259762062,-0.333333333,Negative,0.121132905,31,26-35,WEST
WRS339,MOUNT HYDE LAKE,53.55849212,1.728828341,-64.13092801,75.65284919,1.878825289,0.920188843,26.04741811,1.074910734,418,2.621176282,4.59,0.661812686,4.4,0.643452676,0.090486109,0.240486109,-0.618910004,-0.410164118,1.589835882,0.201352295,-0.333333333,Negative,0.303901599,21,0,WEST
KMS6,LOON,42.49296848,1.628317071,-77.56753367,62.21624353,1.793903786,0.576811105,12.61081245,0.673796964,518,2.71432976,0.571,-0.243363892,5.7,0.755874856,0.027291666,0.177291666,-0.751311679,0.257474545,2.257474545,0.353622862,-0.333333333,Negative,0.35127519,39,36-45,WEST
JJM8,TROUT LAKE,46.03333333,1.663072424,-89.66666667,50.11711053,1.699986024,0.197057245,0.511679449,0.230190737,491.8,2.691788524,16.079,1.206259035,14.6,1.164352856,0.037916666,0.187916666,-0.726034701,-0.187076875,1.812923125,0.258379389,-0.333333333,Negative,0.363329959,32,26-35,WEST
KMS16,ST. REGIS LOWER,44.4289231,1.647665787,-74.25296351,65.53081369,1.816445561,0.667958146,15.92538261,0.780269601,493,2.692846919,1.477,0.169380495,4.7,0.672097858,0.035555555,0.185555555,-0.73152604,0.533247692,2.533247692,0.403677656,-0.333333333,Negative,0.534699439,22,0,WEST
JJM24,BIG GREEN LAKE,43.80378675,1.641511656,-89.02786819,50.75590901,1.70548661,0.219298711,1.150477929,0.256171916,242.93,2.38548115,29.65,1.472024698,31.7,1.501059262,0.011431159,0.161431159,-0.792012635,0.045926667,2.045926667,0.310890063,-0.318181818,Negative,0.020915732,66,66-75,WEST
JK42,REHJA,64.23,1.807737922,27.79,167.5737772,2.224206059,-0.284885529,-8.83885528,-0.284885529,137.9,2.139564266,96.4,1.984077034,8.5,0.929418926,0.046216855,0.196216855,-0.70726369,0.125843118,2.125843118,0.327531212,-0.307692308,Negative,0.195867716,41,36-45,EAST
WRS223,COLD LAKE,54.53806804,1.736699749,-110.0722695,29.7115077,1.47292469,-0.72105895,-19.89392338,-0.842298851,531,2.725094521,346.85,2.540141699,43.6,1.639486489,0.00325,0.15325,-0.814599517,-0.122222353,1.877777647,0.273644165,-0.307692308,Negative,0.308282609,30,26-35,WEST
KMS12,MOHONK,41.76333333,1.620795154,-74.15944444,65.62433276,1.817064901,0.67046243,16.01890168,0.783194959,380,2.579783597,0.069,-1.161150909,6.5,0.812913357,0.011067323,0.161067323,-0.792992559,0.05093254,2.05093254,0.311951376,-0.306020067,Negative,0.009557761,64,56-65,WEST
JK14,KUKKIA - PUUTIKKALA (3512),61.32826525,1.78766068,24.66871311,164.4524903,2.216040454,-0.417668433,-11.96014217,-0.417668433,86.6,1.937517892,43.4,1.63748973,16.3,1.212187604,0.027502371,0.177502371,-0.750795841,0.063584142,2.063584142,0.314622182,-0.302173913,Negative,0.05119343,57,56-65,EAST
JK44,UNARI,67.1645165,1.827139893,25.73162482,165.515402,2.218838413,-0.372170136,-10.89723046,-0.372170136,179.8,2.254789687,28.8,1.459392488,8.2,0.913813852,0.029092592,0.179092592,-0.746922378,0.081605185,2.081605185,0.318398361,-0.3,Negative,0.087581442,51,46-55,EAST
RB7,OSMAJARVI N,62.4183645,1.795312385,27.7416392,167.5254164,2.224080706,-0.286923925,-8.88721608,-0.286923925,79,1.897627091,4,0.602059991,9.6,0.982271233,0.000864197,0.150864197,-0.821413815,0.027230952,2.027230952,0.306903228,-0.285714286,Negative,0.017857707,70,66-75,EAST
JJM11,(BIG) LONG LAKE,45.75,1.660391098,-91.65,48.1337772,1.682449943,0.126150588,-1.471653881,0.147361732,373,2.571708832,13.32,1.124504225,7.92,0.898725182,0.028981481,0.178981481,-0.747191903,-0.055555,1.944445,0.288795663,-0.285714286,Negative,0.515680316,22,0,WEST
WRS236,EKAPO LAKE,50.32302423,1.701766733,-102.5724065,37.2113707,1.570675668,-0.325805586,-12.39406038,-0.380587012,587,2.768638101,4.28,0.631443769,3.5,0.544068044,0.030573476,0.180573476,-0.743346042,0.088731667,2.088731667,0.319882651,-0.280625,Negative,0.132054924,37,36-45,WEST
MICH03,GULL LAKE,42.39937879,1.627359494,-85.41073046,54.37304674,1.735383669,0.340186639,4.767615659,0.397386115,268.22,2.428491158,8.28,0.918030337,11.6,1.064457989,0.006794872,0.156794872,-0.804668145,0.06317,2.06317,0.314535014,-0.28,Negative,0.018435394,75,66-75,WEST
JK29,KORVUANJARVI,65.372416,1.815394536,28.6679415,168.4517187,2.226475446,-0.247982471,-7.96091378,-0.247982471,241.8,2.383456297,15.4,1.187520721,6,0.77815125,0.043645832,0.193645832,-0.712991846,0.123742632,2.123742632,0.327101885,-0.25,Negative,0.232427304,46,46-55,EAST
VSV39,LAKE TCHUDSKO-PSKOVSKOYE,58.42791667,1.766620401,27.48355062,167.2673278,2.223411119,-0.297812243,-9.14530466,-0.297812243,30,1.477121255,3560,3.551449998,7.1,0.851258349,-0.002546296,0.147453704,-0.831344314,0.1008444,2.1008444,0.322393887,-0.25,Negative,0.348088037,35,36-45,EAST
KMS23,CASSADAGA LOWER,42.34583333,1.626810684,-79.31722222,60.46655498,1.781515226,0.526718307,10.8611239,0.61528149,398,2.599883072,0.368,-0.434152181,2,0.301029996,0.040722221,0.190722221,-0.719598704,0.183376154,2.183376154,0.339128563,-0.25,Negative,0.523298052,34,26-35,WEST
JK07,KALMARINJARVI (1417),62.778865,1.79781346,24.99782492,164.7816021,2.216908721,-0.403549331,-11.63103036,-0.403549331,129.8,2.113274692,7.05,0.848189117,5.7,0.755874856,0.027502371,0.177502371,-0.750795841,0.146792932,2.146792932,0.331790157,-0.233031674,Negative,0.127887502,57,56-65,EAST
JK49,KUIVAJARVI,60.7853085,1.783798625,23.75298268,163.5367599,2.213615389,-0.457103009,-12.8758726,-0.457103009,96.6,1.984977126,8.2,0.913813852,7,0.84509804,0.027502371,0.177502371,-0.750795841,0.135000159,2.135000159,0.329397912,-0.230550285,Negative,0.150041776,57,56-65,EAST
JK46,PALOVESI,61.86,1.791409916,23.91,163.6937772,2.21403217,-0.450325631,-12.71885528,-0.450325631,96,1.982271233,25.5,1.40654018,9.6,0.982271233,0.03074074,0.18074074,-0.742943944,0.10479,2.10479,0.323208772,-0.227272727,Negative,0.147622129,50,46-55,EAST
EK10,LAKE VATIANJARVI (1423),62.46666667,1.795648332,25.88333333,165.6671105,2.219236298,-0.365700031,-10.74552195,-0.365700031,89,1.949390007,6,0.77815125,4,0.602059991,0.001856725,0.151856725,-0.818565971,0.135628361,2.135628361,0.32952568,-0.217391304,Negative,0.031062442,83,76-85,EAST
JK31,LENTUA,64.25122875,1.807881438,29.69352715,169.4773044,2.229111548,-0.20511617,-6.93532813,-0.20511617,167.9,2.225050696,77.8,1.890979597,7.4,0.86923172,0.02812937,0.17812937,-0.749264468,0.082404742,2.082404742,0.318565144,-0.217391304,Negative,0.076668514,57,56-65,EAST
RB9,SAIMAA S,61.08333333,1.785922729,28.26666667,168.0504439,2.225439664,-0.264825576,-8.36218861,-0.264825576,76,1.880813592,15,1.176091259,17,1.230448921,0.002083333,0.152083333,-0.817918378,-0.023412857,1.976587143,0.295915966,-0.216666667,Negative,0.004172499,83,76-85,EAST
GW240,ORSASJON,61.07247475,1.785845519,14.54801963,154.3317968,2.188455413,-0.866235545,-22.08083565,-0.866235545,159.9,2.203848464,52.827,1.722855948,17.3,1.238046103,0.01490196,0.16490196,-0.782774182,0.060877105,2.060877105,0.314052095,-0.214285714,Negative,0.143389412,58,56-65,EAST
GW512,GOUTA,65.61206525,1.816983708,15.5179385,155.3017157,2.191176254,-0.821991283,-21.11091678,-0.821991283,438.63333,2.642101629,31.5935,1.499597741,17.2,1.235528447,0.006001871,0.156001871,-0.806870193,0.086207974,2.086207974,0.319357601,-0.213525836,Negative,0.000662536,88,86-95,EAST
WRS370,RICE LAKE,51.03333333,1.707853936,-95.66666667,44.11711053,1.64460706,-0.026866057,-5.488320551,-0.031383355,250,2.397940009,4,0.602059991,7,0.84509804,-0.014861111,0.135138889,-0.869219656,-0.024445385,1.975554615,0.29568904,-0.211111111,Negative,0.821535654,16,0,WEST
JK24,SAANIJARVI (1403),63.4118875,1.80217068,25.604626,165.3884032,2.218505054,-0.377590969,-11.02422928,-0.377590969,114,2.056904851,12.6,1.100370545,1.96,0.292256071,0.027502371,0.177502371,-0.750795841,0.110663035,2.110663035,0.324418904,-0.208333333,Negative,0.202550931,57,56-65,EAST
KMS21,TITUS,44.72501172,1.650550463,-74.28241645,65.50136075,1.816250322,0.667168703,15.89592967,0.77934742,426,2.629409599,1.54,0.187520721,8.3,0.919078092,0.040117646,0.190117646,-0.720977572,0.41450351,2.41450351,0.382827841,-0.207142857,Negative,0.606942021,21,0,WEST
GW369,KALLSJON,63.56777875,1.803237036,12.97718981,152.760967,2.184012399,-0.938484485,-23.65166547,-0.938484485,380.525,2.580383195,156.3551,2.194112052,40.1,1.603144373,0.008958333,0.158958333,-0.7987167,0.056485306,2.056485306,0.313125611,-0.205128205,Negative,0.008116469,94,86-95,EAST
GW202,RUNN,60.53042075,1.781973693,15.65327723,155.4370544,2.191554558,-0.815839589,-20.97557805,-0.815839589,106.8,2.028571253,64.7024,1.81092039,8.3,0.919078092,0.011993589,0.161993589,-0.790502173,0.157475392,2.157475392,0.333945851,-0.201851852,Negative,0.027009157,81,76-85,EAST
JK28,KILPISJARVI,69.0253405,1.839008558,20.79261835,160.5763956,2.205681705,-0.586114589,-15.83623693,-0.586114589,472.8,2.674677468,37.3,1.571708832,19.5,1.290034611,0.027633333,0.177633333,-0.750475535,0.114705882,2.114705882,0.325249973,-0.2,Negative,0.09473019,55,46-55,EAST
EK13,LAKE NILAKKA (1429),63.13333333,1.80025872,26.55,166.3337772,2.22098045,-0.337337948,-10.07885528,-0.337337948,102,2.008600172,163,2.212187604,6,0.77815125,-0.000848485,0.149151515,-0.826372331,0.048451712,2.048451712,0.311425731,-0.2,Negative,0.285577708,48,46-55,EAST
KMS8,CHAUTAUQUA NORTH,42.17626112,1.625068077,-79.42896862,60.35480858,1.780711877,0.523469988,10.7493775,0.611486994,399,2.600972896,28.56,1.455758203,7.8,0.892094603,0.032099999,0.182099999,-0.739690057,0.058773793,2.058773793,0.313608631,-0.2,Negative,0.562745469,34,26-35,WEST
VSV21,LAKE SHIRA,54.50861111,1.736465116,90.20326894,229.9870461,2.361703375,1.950992023,53.57441366,1.950992023,390,2.591064607,32,1.505149978,11.9,1.075546961,0.039791666,0.189791666,-0.721722862,0.102963333,2.102963333,0.3228317,-0.2,Negative,0.692469882,22,0,EAST
RB51,LEPPASJARVI E,61.9178735,1.791816033,23.07758628,162.8613635,2.211818066,-0.486329719,-13.551269,-0.486329719,101,2.004321374,2,0.301029996,4.2,0.62324929,0.003628917,0.153628917,-0.813527031,0.124722147,2.124722147,0.327302145,-0.19375,Negative,0.619445324,33,26-35,EAST
JK03,LAKE NASIJARVI (3568),61.53,1.789086915,23.75,163.5337772,2.213607468,-0.457231815,-12.87885528,-0.457231815,95.4,1.979548375,256,2.408239965,13,1.113943352,0.01731884,0.16731884,-0.776455155,0.084888667,2.084888667,0.319082869,-0.193548387,Negative,0.195814255,63,56-65,EAST
DMR2,LAKE MONONA,43.06709696,1.634145598,-89.36644349,50.41733371,1.702579875,0.207545409,0.811902629,0.242442396,257.5,2.410777233,13.24,1.121887985,8.2,0.913813852,0.007145571,0.157145571,-0.803697855,0.057828235,2.057828235,0.313409122,-0.183941998,Negative,2.94E-05,113,96+,WEST
VSV29,LAKE TELETSKOYE,51.57168172,1.712411294,87.66884552,227.4526227,2.356890949,1.872735985,51.03999024,1.872735985,435,2.638489257,223,2.348304863,174,2.240549248,0.00515124,0.15515124,-0.809244749,0.136921479,2.136921479,0.329788564,-0.181818182,Negative,0.068856023,57,56-65,EAST
JK25,HAUKIVESI,62.11,1.793161529,28.61,168.3937772,2.226326039,-0.250412015,-8.01885528,-0.250412015,75.8,1.879669206,560,2.748188027,9.1,0.959041392,0.025868055,0.175868055,-0.754813039,0.111702721,2.111702721,0.32463278,-0.181818182,Negative,0.243258113,56,56-65,EAST
WRS213,BIG TROUT LAKE,53.78206909,1.730637506,-90.06008218,49.72369502,1.696563394,0.183217935,0.118263939,0.214024466,206,2.31386722,644.1,2.808953299,16,1.204119983,0.036474358,0.186474358,-0.729380879,-0.064592667,1.935407333,0.286772382,-0.181818182,Negative,0.357225054,39,36-45,WEST
WRS214,BIGWOOD LAKE,50.11316662,1.699951846,-91.89341213,47.89036507,1.680248148,0.117247692,-1.715066011,0.136961889,372,2.57054294,0.4,-0.397940009,4.3,0.633468456,0.016805555,0.166805555,-0.77778949,0.291045882,2.291045882,0.360033787,-0.181818182,Negative,0.819962684,18,0,WEST
GW592,JUKKASJARVI,67.82508,1.831390315,20.70512184,160.488899,2.205444998,-0.58996374,-15.92373344,-0.58996374,322.35,2.508327675,13.50505,1.130496196,9.6,0.982271233,0.010983245,0.160983245,-0.793219323,0.146031227,2.146031227,0.331636037,-0.181186869,Negative,2.54E-05,105,96+,EAST
VSV30,LAKE BOLSHIE CHANY,55.33,1.74296067,60.54,200.3237772,2.3017325,0.975790928,23.91114472,0.975790928,242,2.383815366,1990,3.298853076,2.2,0.342422681,0.007291666,0.157291666,-0.803294288,-0.031666667,1.968333333,0.294098647,-0.179487179,Negative,0.094267369,54,46-55,EAST
JK08,SUMMASJARVI (1419),62.64480075,1.796885032,25.38871454,165.1724917,2.21793772,-0.386816526,-11.24014074,-0.386816526,108.5,2.035429738,21.9,1.340444115,6.8,0.832508913,0.027502371,0.177502371,-0.750795841,0.129934206,2.129934206,0.328366188,-0.179144385,Negative,0.214973941,57,56-65,EAST
JK10,HANKAVESI - RAUTALAMPI (1436),62.5962525,1.796548334,26.74518901,166.5289662,2.221489786,-0.32905551,-9.88366627,-0.32905551,96.1,1.982723388,18.2,1.260071388,7.04,0.847572659,0.01731884,0.16731884,-0.776455155,0.091255652,2.091255652,0.320407128,-0.176470588,Negative,0.070300518,63,56-65,EAST
WRS322,LONG LAKE,62.46666667,1.795648332,-114.45,25.3337772,1.403699947,-1.000967274,-24.27165388,-1.169271369,196,2.292256071,1,0,2,0.301029996,0.009791667,0.159791667,-0.796445873,0.382121364,2.382121364,0.376963884,-0.176470588,Negative,0.231167941,40,36-45,WEST
KMS2,BRANT,43.71435174,1.640624042,-73.7056501,66.0781271,1.820057725,0.682563831,16.47269602,0.797331107,243,2.385606274,5.492,0.739730529,9.1,0.959041392,0.00860101,0.15860101,-0.799694051,0.111418086,2.111418086,0.324574237,-0.173913043,Negative,0.123075049,56,56-65,WEST
JK22,PAAJARVI - KARSTULA (1415),62.8555,1.798343285,24.72974853,164.5135257,2.21620161,-0.415047836,-11.89910675,-0.415047836,144.4,2.159567193,29.5,1.469822016,3.8,0.579783597,0.01731884,0.16731884,-0.776455155,0.0492775,2.0492775,0.311600772,-0.173913043,Negative,0.164956978,63,56-65,EAST
KMS9,CHAUTAUQUA SOUTH,42.11194444,1.624405295,-79.10222222,60.68155498,1.783056701,0.532951219,11.0761239,0.622562412,399,2.600972896,24.68,1.392345155,3.5,0.544068044,0.029264705,0.179264705,-0.746505209,-0.03269,1.96731,0.2938728,-0.166666667,Negative,0.552730195,34,26-35,WEST
WRS209,BEAR LAKE,55.18333333,1.74180793,-118.8833333,20.9004439,1.32015551,-1.338776884,-28.70498718,-1.563880778,660,2.819543936,33,1.51851394,4,0.602059991,0.009328002,0.159328002,-0.79770789,0.257207686,2.257207686,0.35357152,-0.15959253,Negative,0.390241397,36,36-45,WEST
KMS11,MIRROR,44.29089457,1.646314452,-73.98190169,65.80187551,1.818238272,0.675206923,16.19644443,0.788737198,565,2.752048448,0.518,-0.28567024,4.3,0.633468456,0.009487179,0.159487179,-0.797274224,0.096153846,2.096153846,0.321423154,-0.159090909,Negative,0.001357788,99,96+,WEST
EK3,LAKE KOLIMA (1405),63.2783635,1.801255239,25.75716897,165.5409462,2.218905433,-0.371080308,-10.87168631,-0.371080308,111,2.045322979,105,2.021189299,9,0.954242509,0.018840579,0.168840579,-0.772523167,0.115858636,2.115858636,0.325486648,-0.15625,Negative,0.42220858,42,36-45,EAST
WRS352,PICKLE LAKE,51.45,1.711385379,-90.21666667,49.56711053,1.695193603,0.177679224,-0.038320551,0.207554467,353,2.547774705,11,1.041392685,7,0.84509804,0.031785714,0.181785714,-0.74044025,-0.074378824,1.925621176,0.284570853,-0.153846154,Negative,0.614779069,23,0,WEST
NG1,LAKE BAIKAL,53.6631347,1.729676038,108.1884226,247.9721998,2.394402995,2.482728558,71.55956732,2.482728558,449,2.652246341,31967.85,4.504713429,738.7,2.868468099,0.011124031,0.161124031,-0.792839681,0.109444,2.109444,0.324168001,-0.148148148,Negative,0.001205878,107,96+,EAST
RB28,KUUHANKAVESI S,62.35119475,1.79484478,26.39597084,166.179748,2.220578096,-0.343880725,-10.23288444,-0.343880725,99,1.995635195,2,0.301029996,6.3,0.799340549,-0.00875,0.14125,-0.850011544,0.158185,2.158185,0.33408867,-0.142857143,Negative,0.663008094,39,36-45,EAST
WRS275,LAC BLOUIN,48.17561471,1.682827265,-77.74608617,62.03769103,1.792655626,0.571764205,12.43225995,0.667901471,291,2.463892989,13.76,1.138618434,8.1,0.908485019,-0.026829975,0.123170025,-0.90949497,-0.474117407,1.525882593,0.183521119,-0.140394089,Negative,0.406978448,32,26-35,WEST
GW341,NACKTEN,62.82382675,1.798124387,14.63117254,154.4149497,2.188689344,-0.862431536,-21.99768274,-0.862431536,323.95,2.510477984,84.2389,1.925512687,15.5,1.190331698,0.011121795,0.161121795,-0.792845708,0.063587917,2.063587917,0.314622976,-0.14,Negative,0.039298427,90,86-95,EAST
WRS344,NITCHEQUON LAKE,53.11639696,1.725228608,-71.03903892,68.74473828,1.837239463,0.752037711,19.1393072,0.878486427,527,2.721810615,282.47,2.45097233,10.9,1.037426498,0.000988529,0.150988529,-0.821056046,0.515120326,2.515120326,0.400558767,-0.134848485,Negative,0.661081069,32,26-35,WEST
MINN2,DETROIT,46.78333333,1.670091162,-95.93333333,43.85044387,1.641973994,-0.037512787,-5.754987211,-0.043820241,406.6,2.609167374,13,1.113943352,4,0.602059991,0.000735294,0.150735294,-0.821785048,0.0317825,2.0317825,0.307877215,-0.125,Negative,0.023304969,94,86-95,WEST
JJM14,LAKE SHISHEBOGAMA,45.89739739,1.66178806,-89.81884176,49.96493544,1.698665331,0.191717059,0.359504359,0.223952645,479.7,2.680969718,2.9,0.462397998,5.18,0.71432976,0.019736842,0.169736842,-0.770223882,0.272222143,2.272222143,0.356450788,-0.125,Negative,0.528781304,39,36-45,WEST
RB49,UKONSELKA E,62.1418225,1.793383986,24.43942349,164.2232007,2.215434512,-0.427521805,-12.18943179,-0.427521805,106,2.025305865,9,0.954242509,8.6,0.934498451,0.004109127,0.154109127,-0.81217164,0.043627727,2.043627727,0.310401786,-0.125,Negative,0.537228156,32,26-35,EAST
JK34,MUTUSJARVI,69.01966425,1.838972842,26.84887281,166.63265,2.221760101,-0.324659852,-9.77998247,-0.324659852,146.2,2.164947373,50.45,1.702861171,8.5,0.929418926,0.02695238,0.17695238,-0.752143592,0.141043939,2.141043939,0.33062558,-0.12195122,Negative,0.379843747,51,46-55,EAST
JK41,POROVESI,63.42771175,1.802279044,27.30617199,167.0899492,2.222950327,-0.305305295,-9.32268329,-0.305305295,85.8,1.933487288,21.7,1.336459734,19.1,1.281033367,0.041527777,0.191527777,-0.717768232,0.202611,2.202611,0.342937804,-0.12195122,Negative,0.476982559,46,46-55,EAST
JK19,JAASJARVI - HARTOLA (1457),61.69148225,1.790225205,26.44045049,166.2242277,2.220694324,-0.341990713,-10.18840479,-0.341990713,92.3,1.965201701,81.1,1.909020854,4.6,0.662757832,0.013839869,0.163839869,-0.785580408,-0.031834286,1.968165714,0.294061662,-0.12,Negative,0.218664153,82,76-85,EAST
VSV38,LAKE ILMEN,58.27319716,1.765468846,31.30041423,171.0841914,2.233209882,-0.138472157,-5.32844105,-0.138472157,18,1.255272505,982,2.992111488,2.6,0.414973348,0.000416667,0.150416667,-0.822704039,0.285778,2.285778,0.359034048,-0.119047619,Negative,0.426319137,50,46-55,EAST
JK39,PEERAJARVI,68.88764225,1.838141321,21.0939238,160.877701,2.206495851,-0.572875562,-15.53493148,-0.572875562,459.5,2.662285516,1.9,0.278753601,5.5,0.740362689,0.04444368,0.19444368,-0.711206168,0.11076603,2.11076603,0.324440096,-0.118055556,Negative,0.455457323,37,36-45,EAST
JK50,JERISJARVI,67.90988825,1.831933016,24.11698471,163.9007619,2.214580972,-0.441401428,-12.51187057,-0.441401428,257.6,2.410945859,23.5,1.371067862,3.4,0.531478917,0.038814102,0.188814102,-0.723965573,0.0306945,2.0306945,0.307644593,-0.115384615,Negative,0.357662984,46,46-55,EAST
JK32,LESTIJARVI,63.531908,1.802991898,24.72975385,164.5135311,2.216201624,-0.415047608,-11.89910143,-0.415047608,140.7,2.148294097,64.5,1.809559715,5.5,0.740362689,0.005972173,0.155972173,-0.806952877,0.017032437,2.017032437,0.304712882,-0.111111111,Negative,0.137560716,85,76-85,EAST
LR2,CAZENOVIA,42.95127299,1.63297604,-75.87062357,63.91315363,1.805590247,0.624064986,14.30772255,0.728996181,363,2.559906625,4.79,0.680335513,7.2,0.857332496,0.008864197,0.158864197,-0.798973968,0.125116463,2.125116463,0.327382736,-0.111111111,Negative,0.15442455,85,76-85,WEST
DML3,LEJ DA SEGL,46.42035333,1.666708442,9.738537012,149.5223142,2.17470601,-1.089817957,-26.89031827,-1.089817957,1797,3.254548077,4.1,0.612783857,33.5,1.525044807,0.008232323,0.158232323,-0.800704796,-0.288823529,1.711176471,0.2332948,-0.111111111,Negative,0.419205179,43,36-45,EAST
KMS1,BONAPARTE,44.14953834,1.644926167,-75.39037472,64.39340248,1.808841373,0.637210823,14.7879714,0.744352379,240,2.380211242,5.05,0.703291378,9.4,0.973127854,0.060448717,0.210448717,-0.676853718,0.000504545,2.000504545,0.301139542,-0.111111111,Negative,0.694069679,30,26-35,WEST
DMR1,LAKE MENDOTA,43.12837789,1.634763124,-89.42022411,50.36355309,1.702116361,0.205671203,0.758122009,0.240253059,259.1,2.413467413,39.377,1.595242626,12.8,1.10720997,0.012013219,0.162013219,-0.790449549,-0.012213944,1.987786056,0.29836964,-0.108893281,Negative,0.01182001,113,96+,WEST
KMS27,MOHANSIC,41.27648397,1.615702696,-73.80827403,65.97550317,1.819382711,0.679834431,16.37007209,0.794142781,139,2.1430148,0.431,-0.36552273,3.4,0.531478917,0.022578125,0.172578125,-0.763014254,-0.288322545,1.711677455,0.23342193,-0.108187135,Negative,0.744713944,33,26-35,WEST
RB26,VANGINVESI E,62.56666667,1.796343018,26.23333333,166.0171105,2.220152851,-0.350795738,-10.39552195,-0.350795738,90,1.954242509,1.5,0.176091259,5.46,0.737192643,-0.00875,0.14125,-0.850011544,0.112445,2.112445,0.32478541,-0.105263158,Negative,0.636748003,39,36-45,EAST
RB22,NIINIVESI W,62.76666667,1.797729065,26.68333333,166.4671105,2.221328441,-0.331679181,-9.94552195,-0.331679181,98,1.991226076,20,1.301029996,11,1.041392685,-0.009807423,0.140192577,-0.853274981,0.058276603,2.058276603,0.313503737,-0.101724138,Negative,0.733320373,36,36-45,EAST
WRS250,GRACE LAKE,53.8251327,1.730985109,-101.1653297,38.6184475,1.586794811,-0.26062828,-10.98698358,-0.304450698,257,2.409933123,9.34,0.970346876,2.4,0.380211242,0.011666666,0.161666666,-0.791379518,0.5654625,2.5654625,0.409165671,-0.095238095,Negative,0.721491445,34,26-35,WEST
JJM22,SHELL LAKE,45.732154,1.660221657,-91.89643514,47.88734206,1.680220733,0.11713684,-1.718089021,0.136832398,370.94,2.569303668,10.45,1.01911629,7.01,0.845718018,0.005756993,0.155756993,-0.807552446,-0.028462917,1.971537083,0.29480495,-0.094339623,Negative,0.046561833,97,96+,WEST
MINN7,ITASCA,47.21655361,1.674094284,-95.2019727,44.5818045,1.649157643,-0.008465901,-5.023626581,-0.00988937,445,2.648360011,4,0.602059991,9.1,0.959041392,-0.014791666,0.135208334,-0.868996538,-0.003478261,1.996521739,0.300274043,-0.090909091,Negative,0.691379496,27,26-35,WEST
VSV41,LAKE SYAMOZERO,61.94791531,1.792026696,33.18325069,172.9670279,2.237963323,-0.061175288,-3.44560459,-0.061175288,108,2.033423755,266,2.424881637,6.5,0.812913357,0.011752873,0.161752873,-0.791147997,0.004431429,2.004431429,0.301991204,-0.090909091,Negative,0.770648599,40,36-45,EAST
PJD28,SIMCOE,44.3833,1.64721959,-79.6833,60.1004772,1.77887792,0.516054434,10.49504612,0.602824577,256,2.408239965,725,2.860338007,15,1.176091259,0.021973684,0.171973684,-0.764538005,0.041875,2.041875,0.310029152,-0.083333333,Negative,0.621261652,31,26-35,WEST
JK05,LAKE PAIJANNE (1463),61.18,1.786609473,25.54,165.3237772,2.218335319,-0.380351071,-11.08885528,-0.380351071,78.3,1.893761762,1080,3.033423755,15,1.176091259,0.013173077,0.163173077,-0.787351497,-0.027898478,1.972101522,0.294929268,-0.08,Negative,0.413174078,83,76-85,EAST
JK40,PIELINEN,63.54,1.80304721,29.13,168.9137772,2.227665074,-0.228637638,-7.49885528,-0.228637638,93.7,1.971739591,894,2.951337519,10,1,0.0121875,0.1621875,-0.78998262,0.099343976,2.099343976,0.322083603,-0.076923077,Negative,0.243519919,91,86-95,EAST
RB23,KIESIMA W,62.76666667,1.797729065,26.51666667,166.3004439,2.220893408,-0.338753359,-10.11218861,-0.338753359,101,2.004321374,8,0.903089987,7.63,0.882524538,-0.00875,0.14125,-0.850011544,0.025648056,2.025648056,0.306563992,-0.076923077,Negative,0.82744645,39,36-45,EAST
KMS15,PLACID,44.30444444,1.646447295,-73.99527778,65.78849942,1.818149981,0.674849921,16.18306834,0.788320169,566,2.752816431,8.794,0.944186461,15.8,1.198657087,0.007486111,0.157486111,-0.802757741,0.117402432,2.117402432,0.325803408,-0.070422535,Negative,0.310462144,82,76-85,WEST
JK04,LAKE VESIJARVI (1462),61.18,1.786609473,25.54,165.3237772,2.218335319,-0.380351071,-11.08885528,-0.380351071,81.4,1.910624405,107.6,2.031812271,6.6,0.819543936,0.01035172,0.16035172,-0.794926377,0.007733462,2.007733462,0.302706057,-0.067989214,Negative,0.253776463,105,96+,EAST
JK18,VESIJARVI - LAHTI (1461),60.99,1.785258633,25.65,165.4337772,2.218624186,-0.375653734,-10.97885528,-0.375653734,81.4,1.910624405,107.6,2.031812271,6.6,0.819543936,0.009493464,0.159493464,-0.79725711,-0.040424494,1.959575506,0.292162002,-0.067567568,Negative,0.310975003,94,86-95,EAST
KMS26,GLEN,41.90361111,1.622251451,-75.02111111,64.76266609,1.811324719,0.647252164,15.15723501,0.756082085,398,2.599883072,1.291,0.110926242,5.5,0.740362689,0.03614035,0.18614035,-0.730159474,0.041111111,2.041111111,0.309866647,-0.066666667,Negative,0.847052698,34,26-35,WEST
JK16,ALA-KIVIJARVI - YLA-MUNNI (1489),60.9807595,1.785192829,27.40014422,167.1839214,2.223194508,-0.301334608,-9.22871106,-0.301334608,75.1,1.875639937,91.9,1.963315511,4.8,0.681241237,0.007151515,0.157151515,-0.803681428,-0.008888788,1.991111212,0.299095518,-0.065217391,Negative,0.429013403,83,76-85,EAST
RB42,LOHJANJARVI E,60.25189425,1.779970705,23.96158096,163.7453582,2.214168997,-0.448100654,-12.66727432,-0.448100654,32,1.505149978,40,1.602059991,12.6,1.100370545,0.000196078,0.150196078,-0.823341408,-0.09046,1.90954,0.28092876,-0.063492063,Negative,0.728127947,71,66-75,EAST
WRS194,ALTA LAKE,50.11350083,1.699954743,-122.9808607,16.8029165,1.225384669,-1.721980146,-32.80251458,-2.011516394,641,2.80685803,1.04,0.017033339,10.9,1.037426498,-0.016633928,0.133366072,-0.87495464,0.149829015,2.149829015,0.33240392,-0.063492063,Negative,0.880553719,29,26-35,WEST
JK02,LAKE KALLAVESI (4079),62.83,1.79816706,27.77,167.5537772,2.224154223,-0.285728447,-8.85885528,-0.285728447,81.8,1.912753304,316,2.499687083,9.7,0.986771734,0.007942708,0.157942708,-0.80150042,-0.058067609,1.941932391,0.288234106,-0.055555556,Negative,0.271694386,107,96+,EAST
WRS351,PELICAN LAKE,50.07973451,1.699662018,-91.93946441,47.84431279,1.679830321,0.11555822,-1.761118291,0.134988347,355,2.550228353,47.28,1.674677468,13.6,1.133538908,0.02031362,0.17031362,-0.76875062,-0.049416606,1.950583394,0.290164523,-0.054411765,Negative,0.713654672,37,36-45,WEST
RB43,LANGELMAVESI S,61.43333333,1.78840408,24.15,163.9337772,2.214668446,-0.439978992,-12.47885528,-0.439978992,84,1.924279286,5,0.698970004,7.8,0.892094603,0.004363391,0.154363391,-0.81145569,-0.102562443,1.897437557,0.278167493,-0.053639847,Negative,0.633577844,72,66-75,EAST
VSV34,LAKE UVILDY,55.53485569,1.744565648,60.48999079,200.273768,2.301624069,0.974027705,23.86113551,0.974027705,275,2.439332694,68.1,1.833147112,14,1.146128036,0.032070706,0.182070706,-0.739759924,0.176389,2.176389,0.337736522,-0.052631579,Negative,0.704110762,42,36-45,EAST
VSV42,LAKE LOVOZERO,67.86366916,1.831637337,35.18198326,174.9657605,2.242953069,0.019964195,-1.44687202,0.019964195,153,2.184691431,223,2.348304863,5.8,0.763427994,-0.002794118,0.147205882,-0.832074836,0.24569871,2.24569871,0.35135149,-0.052631579,Negative,0.732760405,51,46-55,EAST
KMS17,SARANAC LOWER,44.30230706,1.646426343,-74.18885647,65.59492073,1.816870212,0.669675211,15.98948965,0.782275375,507,2.705007959,8.96,0.95230801,8.5,0.929418926,0.032371794,0.182371794,-0.73904233,0.101222,2.101222,0.322471939,-0.052631579,Negative,0.759113605,31,26-35,WEST
VSV13,LAKE KUBENSKOYE (PESKI),59.65884688,1.775674855,39.42197205,179.2057493,2.253351939,0.189062768,2.79311677,0.189062768,108,2.033423755,427.83,2.631271235,1.3,0.113943352,0.0218384,0.1718384,-0.76487978,0.201331217,2.201331217,0.342685392,-0.050641026,Negative,0.556544281,44,36-45,EAST
EK11,LAKE KOIVUJARVI (1425),63.46666667,1.802545689,26.25,166.0337772,2.220196448,-0.350086796,-10.37885528,-0.350086796,130,2.113943352,26,1.414973348,7,0.84509804,0.018525641,0.168525641,-0.773334012,0.090512692,2.090512692,0.320252809,-0.05,Negative,0.80297452,42,36-45,EAST
JJM15,LAKE ESCANABA,46.06422356,1.663363755,-89.5865184,50.1972588,1.700680002,0.199863325,0.591827719,0.233468636,502.92,2.701498907,1.17,0.068185862,4.27,0.630427875,0.010015217,0.160015217,-0.795838715,0.217742885,2.217742885,0.345911195,-0.047727273,Negative,0.813658488,37,36-45,WEST
RB14,KEITELE SW,62.56666667,1.796343018,25.83333333,165.6171105,2.219105203,-0.367831799,-10.79552195,-0.367831799,99,1.995635195,9,0.954242509,6.3,0.799340549,-0.012635841,0.137364159,-0.862126568,0.045719028,2.045719028,0.310845985,-0.047727273,Negative,0.816615958,36,36-45,EAST
JK15,LANGELMAVESI - KAIVANTO (3506),61.42,1.788309812,24.15,163.9337772,2.214668446,-0.439978992,-12.47885528,-0.439978992,84.2,1.925312091,133,2.123851641,6.8,0.832508913,0.01366286,0.16366286,-0.786049864,-0.009831176,1.990168824,0.298889919,-0.047619048,Negative,0.62418403,85,76-85,EAST
WRS212,BIG QUILL LAKE,51.88152967,1.715012772,-104.3614131,35.4223641,1.549277543,-0.41232831,-14.18306698,-0.481657793,510,2.707570176,272.89,2.435987621,3.3,0.51851394,0.03118421,0.18118421,-0.741879653,0.111889,2.111889,0.324671088,-0.047619048,Negative,0.764997896,35,36-45,WEST
JK37,OUNASJARVI,68.3755525,1.834900849,23.58705027,163.3708275,2.213174509,-0.464272267,-13.04180501,-0.464272267,286.9,2.457730548,6.9,0.838849091,6.6,0.819543936,0.025509259,0.175509259,-0.755699967,0.124060577,2.124060577,0.327166898,-0.044466403,Negative,0.649275554,57,56-65,EAST
WRS301,LAKE MINNEWANKA,51.25635347,1.709747706,-115.4603036,24.3234736,1.386025596,-1.072433021,-25.28195748,-1.252753471,1469,3.167021796,21.87,1.339848783,83.6,1.922206277,-0.000731707,0.149268293,-0.826032434,0.113368125,2.113368125,0.324975153,-0.041666667,Negative,0.834795635,46,46-55,WEST
WRS243,FRAME LAKE,62.45389539,1.795559531,-114.3900686,25.3937086,1.404726132,-0.996817924,-24.21172248,-1.16442434,186,2.269512944,0.9,-0.045757491,3.4,0.531478917,-0.01673344,0.13326656,-0.875278813,-0.07123727,1.92876273,0.285278805,-0.0409699,Negative,0.864482558,33,26-35,WEST
JK06,MUURASJARVI (1401),63.5067145,1.802819645,25.3576493,165.1414265,2.217856032,-0.388144874,-11.27120598,-0.388144874,112.2,2.049992857,21.05,1.3232521,8.98,0.953276337,0.014074187,0.164074187,-0.784959739,-0.037571577,1.962428423,0.292793825,-0.04,Negative,0.667916138,84,76-85,EAST
KMS14,OTSEGO,42.75838284,1.631021271,-74.89406165,64.88971555,1.81217587,0.650693769,15.28428447,0.760102367,363,2.559906625,17.11,1.23325001,24.9,1.396199347,0.006438561,0.156438561,-0.805656188,0.104944583,2.104944583,0.323240667,-0.038461538,Negative,0.525890643,105,96+,WEST
VSV40,LAKE SYABERO,58.47,1.766933094,29.09,168.8737772,2.227562217,-0.230310221,-7.53885528,-0.230310221,45,1.653212514,14.2,1.152288344,2.2,0.342422681,0.00617803,0.15617803,-0.80638006,0.039607878,2.039607878,0.309546681,-0.036666667,Negative,0.837098793,45,36-45,EAST
VSV10,LAKE GUSINOYE,51.19970405,1.709267451,106.4234276,246.2072048,2.391300758,2.432282322,69.79457232,2.432282322,550,2.740362689,163,2.212187604,15,1.176091259,0.001493056,0.151493056,-0.819607273,0.125778,2.125778,0.327517908,-0.033333333,Negative,0.743191521,38,36-45,EAST
RB58,NUASJARVI N,64.20038375,1.807537624,27.89859997,167.6823772,2.224487422,-0.280310216,-8.73025531,-0.280310216,138,2.139879086,96.8,1.985875357,8.6,0.934498451,0.004077324,0.154077324,-0.812261273,-0.082496641,1.917503359,0.282736133,-0.025015635,Negative,0.809517299,80,76-85,EAST
VSV32,LAKE UBINSKOYE,55.47094699,1.74406558,80.04726506,219.8310423,2.342089019,1.632038173,43.41840978,1.632038173,120,2.079181246,440,2.643452676,3.4,0.531478917,0.022395833,0.172395833,-0.763473236,0.208125,2.208125,0.344023655,-0.025,Negative,0.750232587,50,46-55,EAST
JK17,ALA-RIEVELI (1468),61.3055515,1.787499804,26.18039437,165.9641716,2.220014342,-0.353048067,-10.44846091,-0.353048067,77.8,1.890979597,13,1.113943352,11.3,1.053078443,0.010655506,0.160655506,-0.794104386,-0.051346424,1.948653576,0.289734639,-0.024845679,Negative,0.658670739,93,86-95,EAST
JGL03,WEST OKOBOJI LAKE,43.39,1.63738965,-95.16,44.6237772,1.649566329,-0.006813391,-4.981653881,-0.007959004,426,2.629409599,15.65,1.194514342,11.5824,1.063798559,0.001076923,0.151076923,-0.820801869,0.032028986,2.032028986,0.307929899,-0.022988506,Negative,0.643305232,91,86-95,WEST
KMS10,GEORGE,43.62497552,1.639735196,-73.54988617,66.23389103,1.821080269,0.686698459,16.62845995,0.802160938,97,1.986771734,115.25,2.061640934,24.5,1.389166084,0.009860197,0.159860197,-0.796259656,0.060005319,2.060005319,0.313868342,-0.020416667,Negative,0.734851867,93,86-95,WEST
JK45,VISUVESI,62.12,1.793231447,23.93,163.7137772,2.214085229,-0.449462826,-12.69885528,-0.449462826,96.1,1.982723388,46.2,1.664641976,6.95,0.841984805,0.004782609,0.154782609,-0.810277837,0.031157083,2.031157083,0.307743512,-0.011627907,Negative,0.809844913,90,86-95,EAST
VSV20,LAKE SHAKSHINSKOYE,52.15625,1.717306358,112.7353799,252.5191571,2.402294331,2.611051506,76.10652462,2.611051506,963,2.983626287,53.6,1.72916479,3.4,0.531478917,-0.017591036,0.132408964,-0.878082612,-0.278935208,1.721064792,0.23579722,0.138461538,Positive,0.850746229,29,26-35,EAST
VSV33,LAKE SARTLAN,54.98043958,1.740208208,78.5976824,218.3814596,2.339215764,1.58531547,41.96882712,1.58531547,110,2.041392685,238,2.376576957,3,0.477121255,0.023589409,0.173589409,-0.760476775,0.092959167,2.092959167,0.320760755,-0.205263158,Negative,0.871809608,53,46-55,EAST
KMS20,SYLVIA,44.25247223,1.645937538,-75.41471446,64.36906274,1.808677186,0.636546938,14.76363166,0.743576866,199,2.298853076,1.311,0.117602692,21.3,1.328379603,0.03289855,0.18289855,-0.737789738,0.05601,2.05601,0.313025223,0.044401544,Positive,0.883533145,27,26-35,WEST
MINN34,GREEN,45.25155165,1.655633476,-94.90549365,44.87828355,1.652036238,0.003173617,-4.727147531,0.003707234,352.35,2.546974276,23.56,1.372175286,7.1,0.851258349,0.01199074,0.16199074,-0.790509811,0.243905758,2.243905758,0.351004613,0.21258639,Positive,0.893459238,50,46-55,WEST
WRS222,CLEARWATER LAKE,54.06372583,1.732905972,-101.0797116,38.7040656,1.587756587,-0.256739365,-10.90136548,-0.299907896,257,2.409933123,283.92,2.453195986,8.7,0.939519253,0.042881944,0.192881944,-0.714708425,-0.0006889,1.9993111,0.300880377,-0.310897436,Negative,0.906158918,37,36-45,WEST
JK47,SIMPELEJARVI,61.55384675,1.789255199,29.43413783,169.217915,2.22844634,-0.215933281,-7.19471745,-0.215933281,68.8,1.837588438,58.6,1.767897616,9.34,0.970346876,0.012939394,0.162939394,-0.787973903,-0.011629333,1.988370667,0.298497348,0.237804755,Positive,0.911543133,94,86-95,EAST
RAA3,GRAND TRAVERSE BAY,44.75,1.65079304,-85.61666667,54.16711053,1.733735669,0.333522996,4.561679449,0.389602038,176.45,2.246621663,717.427,2.855777717,46,1.662757832,0.001821705,0.151821705,-0.818666136,0.156296667,2.156296667,0.333708512,0.037037037,Positive,0.912526756,75,66-75,WEST
WRS311,LAKE WINNIPEG,52.04460987,1.716375757,-97.15389632,42.62988088,1.629714119,-0.08708525,-6.975550201,-0.101727891,215,2.33243846,23923.04,4.378816366,11.9,1.075546961,0.010833333,0.160833333,-0.793623938,-0.076222,1.923778,0.284154954,-0.045,Negative,0.917154235,34,26-35,WEST
JK20,ALA-KINTAUS (1449),62.291679,1.794430037,25.36632347,165.1501007,2.217878843,-0.387773939,-11.26253181,-0.387773939,154.4,2.188647296,7.2,0.857332496,5.2,0.716003344,0.009850968,0.159850968,-0.796284729,-0.068335312,1.931664688,0.285931741,0.090909091,Positive,0.931197662,93,86-95,EAST
JK11,YLA-KIVIJARVI - JURVALA (1488),61.01162175,1.785412569,27.74017627,167.5239535,2.224076914,-0.286985588,-8.88867901,-0.286985588,75.2,1.876217841,76.4,1.883093359,5.3,0.72427587,0.014209105,0.164209105,-0.784602766,0.10206876,2.10206876,0.322646918,0.045833333,Positive,0.94041302,61,56-65,EAST
VSV22,LAKE SOSNOVOYE,52.55646905,1.72062618,111.5287941,251.3125713,2.400214214,2.577226214,74.89993882,2.577226214,950,2.977723605,24,1.380211242,2.5,0.397940009,0.016199156,0.166199156,-0.779371186,0.068911067,2.068911067,0.315741823,-0.097222222,Negative,0.964032396,41,36-45,EAST
WRS207,BASS LAKE,44.60202274,1.649354555,-79.50919142,60.27458578,1.780134234,0.521134305,10.6691547,0.608758585,249,2.396199347,5.49,0.739572344,5,0.698970004,0.012222222,0.162222222,-0.789889654,-0.123808125,1.876191875,0.273277251,0.043253968,Positive,0.974026484,20,0,WEST
JK13,KITUSJARVI (3548),62.2827245,1.794367602,24.05533805,163.8391153,2.214417594,-0.444058157,-12.57351723,-0.444058157,116.2,2.065206128,0.5,-0.301029996,4.7,0.672097858,0.02812937,0.17812937,-0.749264468,0.124294735,2.124294735,0.327214773,0.011627907,Positive,0.917724743,57,56-65,EAST
JK26,INARI - NELLIM,68.85,1.837903945,28.3,168.0837772,2.225525799,-0.263424914,-8.32885528,-0.263424914,118.7,2.074450719,1,0,14.3,1.155336037,0.019047619,0.169047619,-0.771990942,0.084229355,2.084229355,0.318945508,0.024390244,Positive,0.803794239,58,56-65,EAST
VSV43,LAKE UMBOZERO,67.71041667,1.830655486,34.4052988,174.189076,2.241020915,-0.011455035,-2.22355648,-0.011455035,152,2.181843588,313,2.495544338,15,1.176091259,-0.009753968,0.140246032,-0.853109417,0.13253863,2.13253863,0.328896907,0.029513889,Positive,0.803244224,48,46-55,EAST
JK30,KUORTANEENJARVI,62.8337195,1.798192769,23.43126167,163.2150389,2.212760173,-0.471009886,-13.19759361,-0.471009886,75.8,1.879669206,14.9,1.173186268,3.34,0.523746467,-0.008696405,0.141303595,-0.849846789,0.017606176,2.017606176,0.304836399,0.029910714,Positive,0.808075024,61,56-65,EAST
RB34,JOUTSJARVI C,61.51666667,1.788992795,25.85,165.6337772,2.219148906,-0.367121133,-10.77885528,-0.367121133,85,1.929418926,4,0.602059991,3.79,0.57863921,0.003061111,0.153061111,-0.815135139,-0.137149688,1.862850312,0.270177959,0.030414747,Positive,0.803287215,61,56-65,EAST
RB38,KYYVESI E,62.00121175,1.792400177,27.08213804,166.8659152,2.222367635,-0.314780592,-9.54671724,-0.314780592,101,2.004321374,4,0.602059991,5.4,0.73239376,0.003061111,0.153061111,-0.815135139,-0.121019648,1.878980352,0.273922239,0.036375661,Positive,0.755477363,61,56-65,EAST
RB24,POHJOIS KONNEVESI W,62.76666667,1.797729065,26.4,166.1837772,2.220588626,-0.343709494,-10.22885528,-0.343709494,95,1.977723605,25,1.397940009,10.61,1.025715384,-0.013043478,0.136956522,-0.863417281,-0.036984286,1.963015714,0.292923776,0.04,Positive,0.882003905,34,26-35,EAST
JK51,SAAKSJARVI - SAAKSKOSKI,61.40496,1.788203453,22.36855655,162.1523338,2.209923204,-0.517142535,-14.26029873,-0.517142535,49,1.69019608,33.18,1.520876382,3.7,0.568201724,-0.003281746,0.146718254,-0.83351585,0.142638869,2.142638869,0.330948979,0.047619048,Positive,0.627948139,76,76-85,EAST
JK12,LAPPAJARVI - HALKOSAARI (4703),63.1565095,1.80041812,23.72044812,163.5042253,2.21352898,-0.458508127,-12.90840716,-0.458508127,69.5,1.841984805,145.5,2.162862993,6.9,0.838849091,0.01165,0.16165,-0.791424291,-0.043931692,1.956068308,0.291384017,0.05,Positive,0.559896164,91,86-95,EAST
JK48,AHTARINJARVI,62.76,1.797682935,24.05,163.8337772,2.214403444,-0.444288254,-12.57885528,-0.444288254,153.5,2.18610838,39.9,1.600972896,5.2,0.716003344,0.01053376,0.16053376,-0.794433622,-0.006160028,1.993839972,0.299690298,0.050013893,Positive,0.484897239,97,96+,EAST
JK43,SAAKSJARVI - NURMIJARVI,60.5075345,1.781809457,24.6742357,164.4580129,2.216055038,-0.417431279,-11.95461958,-0.417431279,99.8,1.999130541,2.6,0.414973348,8.8,0.944482672,0.026945261,0.176945261,-0.752161064,0.009388833,2.009388833,0.303063984,0.055555556,Positive,0.753309403,37,36-45,EAST
WRS271,KNOB LAKE,54.8,1.738780558,-66.81666667,72.96711053,1.863127149,0.85671385,23.36167945,1.000762964,508,2.705863712,2,0.301029996,5,0.698970004,0.032656249,0.182656249,-0.738365465,-0.065926667,1.934073333,0.286472937,0.055555556,Positive,0.772147408,31,26-35,WEST
WRS332,MCLAUGHLIN ROAD RESERVOIR,46.14863046,1.664158817,-64.81501866,74.96875854,1.874880319,0.904237466,25.36332746,1.05627727,47,1.672097858,0.66,-0.180456064,3.4,0.531478917,0.017958333,0.167958333,-0.774798444,-0.061120823,1.938879177,0.287550746,0.055555556,Positive,0.78495666,36,36-45,WEST
EK18,LAKE SALOSJARVI (1451),62.11666667,1.793208142,25.2,164.9837772,2.217441242,-0.394889876,-11.42885528,-0.394889876,102,2.008600172,8,0.903089987,4.46,0.649334859,0.00871875,0.15871875,-0.799371765,0.159469375,2.159469375,0.334347049,0.057189542,Positive,0.693902266,41,36-45,EAST
RB52,JAMIJARVI E,61.8063935,1.791033403,22.65952876,162.443306,2.210701819,-0.504481285,-13.96932652,-0.504481285,101,2.004321374,9.2,0.963787827,5.1,0.707570176,0.006935764,0.156935764,-0.804278074,-0.024910849,1.975089151,0.295586703,0.057983193,Positive,0.691251518,68,66-75,EAST
WRS240,FARNSWORTH LAKE,58.68908071,1.768557307,-94.05643858,45.72733862,1.660175926,0.03608622,-3.878092461,0.042153809,13,1.113943352,3.92,0.593286067,1.4,0.146128036,0.063078702,0.213078702,-0.671459957,0.261889,2.261889,0.354471289,0.061111111,Positive,0.819715365,20,0,WEST
JGL02,EAST OKOBOJI LAKE,43.39,1.63738965,-95.1,44.6837772,1.650149878,-0.004453827,-4.921653881,-0.0052027,426,2.629409599,7.46,0.872738827,3,0.477121255,0.00164665,0.15164665,-0.819167179,0.021202183,2.021202183,0.305609759,0.06155303,Positive,0.348202428,92,86-95,WEST
VSV19,LAKE SENEZHSKOYE,56.21050212,1.749817465,37.00696144,176.7907386,2.24745951,0.093244536,0.37810616,0.093244536,190,2.278753601,8.5,0.929418926,3.9,0.591064607,-0.001375,0.148625,-0.827908132,0.087389,2.087389,0.319603391,0.066666667,Positive,0.654190483,54,46-55,EAST
JJM28,MAPLE LAKE,46.14090908,1.664086147,-89.72709959,50.05667761,1.699462021,0.194938453,0.451246529,0.227715688,497.74,2.697002543,0.19,-0.721246399,2.3,0.361727836,0.010580808,0.160580808,-0.794306361,0.150317857,2.150317857,0.332502661,0.066666667,Positive,0.660692915,51,46-55,WEST
RB13,KEITELE SE,62.76666667,1.797729065,26.4,166.1837772,2.220588626,-0.343709494,-10.22885528,-0.343709494,99,1.995635195,55,1.740362689,6.3,0.799340549,-0.007413194,0.142586806,-0.845920659,0.215327882,2.215327882,0.345438014,0.072751323,Positive,0.689704204,53,46-55,EAST
VSV44,LAKE ASLI-KUL,54.18,1.733839001,54.37,194.1537772,2.288145844,0.754854985,17.74114472,0.754854985,205,2.311753861,23.3,1.367355921,5.1,0.707570176,-0.018889573,0.131110427,-0.882362768,0.141310952,2.141310952,0.330679738,0.073214286,Positive,0.527351565,52,46-55,EAST
RB4,ORIVESI SE,62.1,1.7930916,29.88333333,169.6671105,2.229597664,-0.197211319,-6.74552195,-0.197211319,75,1.875061263,30,1.477121255,9.8,0.991226076,0.022523148,0.172523148,-0.763152626,0.253593591,2.253593591,0.352875599,0.087121212,Positive,0.778248535,29,26-35,EAST
RB53,KYROSJARVI W,61.78630625,1.790892233,23.09309838,162.8768756,2.21185943,-0.485657089,-13.5357569,-0.485657089,83,1.919078092,15,1.176091259,10.6,1.025305865,0.003385317,0.153385317,-0.814216212,-0.086192359,1.913807641,0.281898284,0.100863821,Positive,0.482699618,60,56-65,EAST
WRS433,WHITE WATER LAKE,46.53295903,1.66776067,-81.12682412,58.65695308,1.7683195,0.473361756,9.051521999,0.552953491,263,2.419955748,9.48,0.976808337,6.4,0.806179974,0.033935184,0.183935184,-0.735335189,-0.898055,1.101945,0.042159919,0.111111111,Positive,0.725369364,19,0,WEST
RB27,KYNSIVESI W,62.36666667,1.794952533,26.16666667,165.9504439,2.219978418,-0.353632235,-10.46218861,-0.353632235,88,1.944482672,2,0.301029996,9.2,0.963787827,-0.016833333,0.133166667,-0.87560447,0.149365,2.149365,0.332310173,0.117647059,Positive,0.711561608,35,26-35,EAST
RB47,PIHLAJAVESI SE,62.35383625,1.794863178,24.24981593,164.0335931,2.214932798,-0.435680299,-12.37903935,-0.435680299,139,2.1430148,5,0.698970004,5,0.698970004,0.004166667,0.154166667,-0.812009517,-0.08070697,1.91929303,0.283141286,0.12,Positive,0.380430457,67,66-75,EAST
VSV14,LAKE LATCHA,61.32708333,1.78765231,38.74854466,178.5323219,2.251716853,0.162474234,2.11968938,0.162474234,118,2.071882007,351,2.545307116,1.3,0.113943352,-0.004766667,0.145233333,-0.837933696,0.100543333,2.100543333,0.322331645,0.125,Positive,0.341192823,55,46-55,EAST
WRS434,WILLIAMS LAKE,52.18333333,1.717531817,-122.05,17.7337772,1.248801248,-1.627295859,-31.87165388,-1.900911754,564,2.751279104,7,0.84509804,19,1.278753601,0.023388888,0.173388888,-0.760978739,0.381666667,2.381666667,0.376880978,0.125,Positive,0.910029315,22,0,WEST
RAA4,GREEN BAY AT MENOMINEE,45,1.653212514,-87.64,52.1437772,1.717202487,0.266671534,2.538346119,0.311510074,176.45,2.246621663,4212,3.624488363,9,0.954242509,0.009166666,0.159166666,-0.798147881,0.050323273,2.050323273,0.311822341,0.133333333,Positive,0.427065022,64,56-65,WEST
VSV35,LAKE ARGAYASH,55.48958876,1.744211506,60.91717229,200.7009495,2.302549427,0.989075178,24.28831701,0.989075178,243,2.385606274,7,0.84509804,5,0.698970004,0.016,0.166,-0.779891912,0.158918649,2.158918649,0.334236278,0.138888889,Positive,0.188991755,47,46-55,EAST
MINN4,WACONIA,44.86902272,1.65194661,-93.78490325,45.99887395,1.6627472,0.046483095,-3.606557131,0.05429883,289,2.460897843,13,1.113943352,5.9,0.770852012,-0.02347826,0.12652174,-0.897834844,0.112863077,2.112863077,0.324871354,0.142857143,Positive,0.520835003,39,36-45,WEST
WRS252,GRAND LAKE,46.16666667,1.664328519,-60.05,79.7337772,1.901642338,1.012448947,30.12834612,1.182683586,27,1.431363764,2,0.301029996,3,0.477121255,0.001973684,0.151973684,-0.818231609,-0.260639697,1.739360303,0.240389554,0.142857143,Positive,0.617897409,42,36-45,WEST
VSV37,LAKE ONEGA (PETROZAVODSK),61.88541667,1.791588319,35.25640261,175.0401798,2.243137751,0.022967354,-1.37245267,0.022967354,33,1.51851394,9900,3.995635195,30,1.477121255,-0.004464286,0.145535714,-0.837030419,0.061222,2.061222,0.314124769,0.148148148,Positive,0.469745632,43,36-45,EAST
JJM27,LAKE GENEVA,42.56847127,1.629088054,-88.47947845,51.30429875,1.710153756,0.238170186,1.698867669,0.278216468,263.35,2.420533323,20.66,1.315130317,18.59,1.26927939,0.005426356,0.155426356,-0.808475335,0.0150835,2.0150835,0.304293047,0.153846154,Positive,0.051599054,102,96+,WEST
KMS22,NORTH TROUT LAKE,46.05,1.663229635,-89.66666667,50.11711053,1.699986024,0.197057245,0.511679449,0.230190737,491.95,2.691920965,3.97,0.598790507,7.62,0.881954971,-0.036337145,0.113662855,-0.944381439,0.27828075,2.27828075,0.357607241,0.16025641,Positive,0.501894669,24,0,WEST
VSV7,LAKE BAUNT,55.20597222,1.741986063,113.0076726,252.7914498,2.402762381,2.618662582,76.37881732,2.618662582,1065,3.027349608,111,2.045322979,17,1.230448921,0.019222222,0.169222222,-0.771542607,0.166205833,2.166205833,0.335699721,0.175,Positive,0.647850648,17,0,EAST
RB3,HOYTIAINEN S,62.869664,1.798441139,29.69260778,169.476385,2.229109192,-0.205154482,-6.9362475,-0.205154482,87,1.939519253,110,2.041392685,8.4,0.924279286,-0.005400433,0.144599567,-0.839833008,0.118850858,2.118850858,0.326100389,0.175191816,Positive,0.538469896,37,36-45,EAST
WRS437,YORK LAKE,51.15280747,1.708869475,-102.4703403,37.3134369,1.571865253,-0.320995533,-12.29199418,-0.374968189,508,2.705863712,3.14,0.496929648,1.9,0.278753601,0.034919354,0.184919354,-0.733017632,-0.0175,1.9825,0.297213196,0.178571429,Positive,0.371374714,38,36-45,WEST
RB48,SINERVAJARVI NW,62.39425525,1.795144605,24.812761,164.5965382,2.216420697,-0.411485209,-11.81609428,-0.411485209,139,2.1430148,4.5,0.653212514,10.2,1.008600172,0.003628917,0.153628917,-0.813527031,0.152818977,2.152818977,0.333007513,0.178571429,Positive,0.608843281,33,26-35,EAST
RB45,JALANTIJARVI E,61.163927,1.786495361,23.74204762,163.5258248,2.213586348,-0.457575252,-12.88680766,-0.457575252,83,1.919078092,4,0.602059991,5.1,0.707570176,-0.006111111,0.143888889,-0.841972741,-0.104242727,1.895757273,0.277782731,0.181818182,Positive,0.386551216,54,46-55,EAST
RB32,ISOJARVI W,61.70834175,1.790343876,25.03625528,164.8200325,2.217009995,-0.401902489,-11.5926,-0.401902489,119,2.075546961,3,0.477121255,29.3,1.46686762,0.003628917,0.153628917,-0.813527031,0.062592083,2.062592083,0.314413346,0.183473389,Positive,0.401913386,33,26-35,EAST
ASK01,LAKE MJOSA - KISA-KAPP,60.7709675,1.783696151,11.0239687,150.8077459,2.178423649,-1.029364518,-25.60488658,-1.029364518,121,2.08278537,365,2.562292864,153,2.184691431,0.0135,0.1635,-0.786482243,-0.29435,1.70565,0.231889919,0.186046512,Positive,0.386401024,63,56-65,EAST
EK17,LAKE PETAJAVESI (1450),62.23333333,1.794023063,25.2,164.9837772,2.217441242,-0.394889876,-11.42885528,-0.394889876,111,2.045322979,12,1.079181246,5,0.698970004,0.008245614,0.158245614,-0.800668318,0.1,2.1,0.322219295,0.1875,Positive,0.384030735,50,46-55,EAST
RB40,VUOHIJARVI E,61.2861995,1.787362691,26.79141077,166.575188,2.221610312,-0.327095607,-9.83744451,-0.327095607,77,1.886490725,30,1.477121255,16.3,1.212187604,-0.008046875,0.141953125,-0.847855042,0.2239556,2.2239556,0.347126113,0.2,Positive,0.420633023,38,36-45,EAST
RB62,INARI E,69.05,1.839163683,28.4,168.1837772,2.225784102,-0.259224585,-8.22885528,-0.259224585,119,2.075546961,8,0.903089987,14.4,1.158362492,-0.021888888,0.128111112,-0.892413199,-0.008650714,1.991349286,0.299147443,0.205882353,Positive,0.243447107,46,46-55,EAST
MINN6,GULL,46.4617452,1.667095519,-94.33396077,45.44981643,1.657532133,0.025396116,-4.155614651,0.029666256,360,2.556302501,30,1.477121255,2.1,0.322219295,-0.019242424,0.130757576,-0.883533139,0.343293795,2.343293795,0.369826743,0.212406015,Positive,0.618787213,24,0,WEST
RB19,KOIVUJARVI S,63.61666667,1.80357091,26.23333333,166.0171105,2.220152851,-0.350795738,-10.39552195,-0.350795738,131,2.117271296,2,0.301029996,6.6,0.819543936,0.003628917,0.153628917,-0.813527031,0.133751239,2.133751239,0.329143786,0.218253968,Positive,0.485192781,33,26-35,EAST
RB5,MAANINKAJARVI NE,63.21666667,1.800831592,27.23333333,167.0171105,2.222760966,-0.308384541,-9.39552195,-0.308384541,82,1.913813852,10,1,12.2,1.086359831,0.003628917,0.153628917,-0.813527031,0.124722147,2.124722147,0.327302145,0.224747475,Positive,0.393500747,33,26-35,EAST
WRS300,LAKE MEGANTIC,45.51477699,1.658152419,-70.87758614,68.90619106,1.838258244,0.756157124,19.30075998,0.883298483,392,2.593286067,28.67,1.457427693,14.3,1.155336037,-0.011819444,0.138180556,-0.859553064,-0.888848571,1.111151429,0.045773249,0.225,Positive,0.901483047,17,0,WEST
VSV3,LAKE ARAKHLEY,52.20694444,1.717728276,112.8778394,252.6616166,2.402539271,2.615034536,76.24898412,2.615034536,967,2.985426474,58.5,1.767155866,10,1,0.025617283,0.175617283,-0.755432746,0.034,2.034,0.308350949,0.25,Positive,0.174391964,30,26-35,EAST
RB31,SALOSJARVI S,62.06666667,1.792858422,25.16666667,164.9504439,2.217353489,-0.396316849,-11.46218861,-0.396316849,103,2.012837225,2,0.301029996,4.46,0.649334859,0.003628917,0.153628917,-0.813527031,0.062592083,2.062592083,0.314413346,0.25,Positive,0.545140916,33,26-35,EAST
WRS248,GOLDEN LAKE,45.57614346,1.658737573,-77.35970573,62.42407147,1.795352091,0.582667287,12.81864039,0.680637812,167,2.222716471,36.16,1.558228422,9.1,0.959041392,-0.099999998,0.050000002,-1.301029978,0.2609725,2.2609725,0.35429528,0.25,Positive,0.7280732,15,0,WEST
RB56,EVIJARVI S,63.41310875,1.802179044,23.47519748,163.2589747,2.212877065,-0.469109077,-13.1536578,-0.469109077,61,1.785329835,7,0.84509804,0.7,-0.15490196,-0.00719697,0.14280303,-0.845262578,0.001601471,2.001601471,0.301377612,0.261904762,Positive,0.243850817,47,46-55,EAST
WRS336,MISSION LAKE,63.33333333,1.801632346,-90.71666667,49.06711053,1.690790484,0.159875334,-0.538320551,0.186757006,7,0.84509804,0.19,-0.721246399,6,0.77815125,-0.021010101,0.128989899,-0.889444297,0.586851667,2.586851667,0.412771526,0.267857143,Positive,0.506335268,17,0,WEST
RB25,KONNEVESI W,62.61666667,1.796689945,26.35,166.1337772,2.220457939,-0.345834627,-10.27885528,-0.345834627,95,1.977723605,10,1,9.8,0.991226076,-0.00875,0.14125,-0.850011544,0.060925,2.060925,0.314062187,0.285714286,Positive,0.438477397,39,36-45,EAST
WRS230,DEADMANS POND,48.92665742,1.689545547,-54.53754457,85.24623263,1.930675195,1.129842497,35.64080155,1.319815859,118,2.071882007,2.54,0.404833717,1.8,0.255272505,0.037289376,0.187289376,-0.727486857,0.119061071,2.119061071,0.326143473,0.295206972,Positive,0.182006064,33,26-35,WEST
VSV6,LAKE BARUN-TOREY,50.06971951,1.699575158,115.8089656,255.5927428,2.407548518,2.696491129,79.18011032,2.696491129,598,2.776701184,803.78,2.905137196,4.5,0.653212514,0.014166666,0.164166666,-0.784715022,-0.126889,1.873111,0.272563514,0.3,Positive,0.690740183,15,0,EAST
GW484,STORUMAN,65.2615295,1.814657248,16.70974942,156.4935266,2.194496378,-0.768001933,-19.91910586,-0.768001933,350.125,2.544223122,163.47221,2.213443934,25.6,1.408239965,0.007826087,0.157826087,-0.801821211,0.13193,2.13193,0.328772941,0.305555556,Positive,0.042091951,51,46-55,EAST
WRS428,WASCANA LAKE,50.42886556,1.702679198,-104.6085984,35.1751788,1.546236314,-0.424625435,-14.43025228,-0.496022574,570,2.755874856,1.17,0.068185862,2.4,0.380211242,0.003121626,0.153121626,-0.814963468,-0.007717399,1.992282601,0.299350942,0.320512821,Positive,0.513875518,28,26-35,WEST
VSV15,LAKE B.LEPRINDO,56.4,1.751279104,117.2,256.9837772,2.409905708,2.734821973,80.57114472,2.734821973,984,2.992995098,17.3,1.238046103,18,1.255272505,-0.003690476,0.146309524,-0.834727403,-0.052444,1.947556,0.289489954,0.333333333,Positive,0.138802829,26,26-35,EAST
JJM17,LAKE NEBISH,46.05142896,1.663243111,-89.58883589,50.19494131,1.700659951,0.19978225,0.589510229,0.233373928,502.92,2.701498907,0.37,-0.431798276,5.49,0.739572344,0.007916667,0.157916667,-0.801572031,0.294445,2.294445,0.360677652,0.333333333,Positive,0.369022414,27,26-35,WEST
EK25,LAKE OULUJARVI (5932),64.33333333,1.808436054,27.33333333,167.1171105,2.223020918,-0.304157397,-9.29552195,-0.304157397,123,2.089905111,928,2.967547976,8,0.903089987,0.039010416,0.189010416,-0.723514262,0.030116842,2.030116842,0.307521034,0.333333333,Positive,0.385561317,31,26-35,EAST
WRS363,RAMSEY LAKE,46.47342183,1.667204651,-80.93212519,58.85165201,1.769758658,0.479180951,9.246220929,0.559751134,246,2.390935107,7.99,0.902546779,8.8,0.944482672,-0.011991071,0.138008929,-0.860092814,0.240596408,2.240596408,0.350363635,0.33908046,Positive,0.04241358,40,36-45,WEST
WRS308,LAKE ST CLAIR,42.49333207,1.628320787,-82.70342626,57.08035094,1.756486635,0.425515895,7.474919859,0.497062757,173,2.238046103,1161.17,3.064895807,2.9,0.462397998,0.007482954,0.157482954,-0.802766447,0.041978077,2.041978077,0.310051075,0.34057971,Positive,0.338171092,29,26-35,WEST
WRS324,LYNN LAKE,56.86666667,1.754857772,-101.0833333,38.7004439,1.587715946,-0.256903696,-10.90498718,-0.300099857,335,2.525044807,0.54,-0.26760624,3,0.477121255,0.051083332,0.201083332,-0.696623927,0.019061889,2.019061889,0.305149631,0.357142857,Positive,0.786421625,16,0,WEST
VSV31,LAKE KULUNDINSKOYE,52.97972222,1.724109677,79.57522114,219.3589983,2.341155454,1.616857244,42.94636586,1.616857244,95,1.977723605,728,2.862131379,2.8,0.447158031,0.034671717,0.184671717,-0.733599613,0.06485877,2.06485877,0.314890353,0.366071429,Positive,0.322070379,28,26-35,EAST
WRS265,ISLAND LAKE,53.84896408,1.731177353,-94.15890446,45.62487274,1.659201666,0.032146826,-3.980558341,0.037552041,225,2.352182518,964.63,2.984360764,20.1,1.303196057,-0.056493054,0.093506946,-1.029156127,-0.602685667,1.397314333,0.145294114,0.422619048,Positive,0.563813347,17,0,WEST
VSV26,LAKE TCHUKCHAGIRSKOYE,52,1.716003344,130.36,270.1437772,2.431594968,3.087516346,93.73114472,3.087516346,70,1.84509804,366,2.563481085,2,0.301029996,0.034502995,0.184502995,-0.73399658,0.113526529,2.113526529,0.325007703,0.5,Positive,0.091022388,25,0,EAST
WRS282,LAC LA RONGE,55.11384124,1.741260681,-104.9716447,34.8121325,1.541730628,-0.442844051,-14.79329858,-0.517304495,360,2.556302501,1296.47,3.112762472,12.7,1.103803721,-0.001388889,0.148611111,-0.827948719,-0.246752308,1.753247692,0.243843276,0.5,Positive,0.203001931,27,26-35,WEST
WRS312,LAKE WINNIPEGOSIS,52.37561403,1.719129127,-99.9392933,39.8444839,1.600368206,-0.205744634,-9.760947181,-0.240338836,251,2.399673721,5035.51,3.702043463,3.2,0.505149978,0.020208333,0.170208333,-0.769019182,0.617775,2.617775,0.417932316,0.5,Positive,0.474274351,10,0,WEST
PJD2,BOSHKUNG,45.05,1.653694795,-78.75,61.0337772,1.785570248,0.543114676,11.42834612,0.634434768,307.5,2.48784512,7.164,0.855155577,23.3,1.367355921,-0.036166666,0.113833334,-0.943730544,0.650494444,2.650494444,0.423326898,0.5,Positive,0.701134269,14,0,WEST
RB57,AITTOSELKA E,64.19231625,1.807483047,29.00138142,168.7851586,2.227334256,-0.234017151,-7.62747386,-0.234017151,160,2.204119983,1.5,0.176091259,8.1,0.908485019,-0.008815789,0.141184211,-0.850213869,-0.019177037,1.980822963,0.296845662,0.583333333,Positive,0.046314262,31,26-35,EAST
RB30,PETAJAVESI N,62.25,1.794139356,25.16666667,164.9504439,2.217353489,-0.396316849,-11.46218861,-0.396316849,111,2.045322979,2,0.301029996,4.21,0.624282096,-0.005701368,0.144298632,-0.840737786,0.185757403,2.185757403,0.339601958,0.6,Positive,0.066852587,37,36-45,EAST
RB50,PALOSELKA E,62.01666667,1.79250842,24.46666667,164.2504439,2.215506552,-0.426350344,-12.16218861,-0.426350344,96,1.982271233,1,0,4,0.602059991,-0.00875,0.14125,-0.850011544,0.014444444,2.014444444,0.304155295,0.666666667,Positive,0.036274982,39,36-45,EAST
VSV16,LAKE M.DARPIR,64.14373711,1.807154259,147.9854808,287.769258,2.459044397,3.533878238,111.3566255,3.533878238,819,2.913283902,4,0.602059991,31.4,1.496929648,0.069999999,0.219999999,-0.657577321,0.1275925,2.1275925,0.327888451,0.666666667,Positive,0.457349641,15,0,EAST
WRS291,LAKE EON,51.8593689,1.714827227,-63.29271332,76.49106388,1.883610701,0.939538523,26.8856328,1.097513898,557,2.745855195,3.56,0.551449998,7.3,0.86332286,0.029948717,0.179948717,-0.744851245,0.122820769,2.122820769,0.326913328,0.721153846,Positive,0.118809417,20,0,WEST
RB60,PORTIMOJARVI W,66.37136925,1.821980777,23.93137349,163.7151507,2.214088872,-0.449403586,-12.69748179,-0.449403586,63,1.799340549,3,0.477121255,3.6,0.556302501,-0.009843749,0.140156251,-0.853387528,0.376245505,2.376245505,0.375891308,0.822916667,Positive,0.164428607,24,0,EAST
WRS425,UPPER TWIN LAKE AND LOWER TWIN LAKE,50.18333333,1.700559505,-86.7,53.0837772,1.724961818,0.298046174,3.478346119,0.348160091,298,2.474216264,11,1.041392685,6,0.77815125,0.01297619,0.16297619,-0.787875839,-0.1141675,1.8858325,0.275503116,0.833333333,Positive,0.37109337,10,0,WEST
WRS286,LAKE ADJACENT TO STATION,55.33393916,1.742991588,-63.22034568,76.56343152,1.88402139,0.941199133,26.95800044,1.099453725,470,2.672097858,1.15,0.06069784,2.9,0.462397998,0.043072916,0.193072916,-0.714278644,0.917592708,2.917592708,0.465024665,1,Positive,0.461591561,13,0,WEST
WRS385,STUART LAKE,54.56183789,1.736888991,-124.590852,15.1929252,1.1816414,-1.898854838,-34.41250588,-2.218131055,678,2.831229694,357.88,2.553737429,66.4,1.822168079,0.037239582,0.187239582,-0.727602337,-0.5699075,1.4300925,0.155364129,1.266666667,Positive,0.40947829,12,0,WEST
WRS251,GRAHAM LAKE,49.25875425,1.692483424,-90.56663095,49.21714625,1.692116428,0.165236752,-0.388284831,0.1930199,484,2.684845362,1.96,0.292256071,4.2,0.62324929,-0.132499997,0.017500003,-1.756961877,-0.30889,1.69111,0.228171858,1.428571429,Positive,0.418961725,10,0,WEST
WRS262,HOURGLASS LAKE,52.12179762,1.717019386,-124.0769332,15.706844,1.19608893,-1.840436652,-33.89858708,-2.14989035,903,2.95568775,0.14,-0.853871964,3.6,0.556302501,0.031874999,0.181874999,-0.740226996,-0.374815,1.625185,0.210902805,1.5,Positive,0.158578424,11,0,WEST
PJD19,LONG POND,44.62886243,1.649615817,-76.54957869,63.23419851,1.800952018,0.605310436,13.62876743,0.707088213,178,2.250420002,0.53,-0.27572413,3.8,0.579783597,-0.033138888,0.116861112,-0.932329985,-0.275899524,1.724100476,0.236562572,1.714285714,Positive,0.221535644,13,0,WEST
WRS191,AISHIHIK LAKE,61.40847166,1.788228289,-137.1031904,2.6805868,0.428229875,-4.945253404,-46.92484428,-5.776755509,936,2.971275849,147.43,2.168585866,49.7,1.696356389,-0.000277778,0.149722222,-0.824713736,1.651357778,3.651357778,0.562454389,2,Positive,0.177967426,10,0,WEST
PJD27,SHABOMEKA,44.8937185,1.652185579,-77.13414811,62.64962909,1.796918504,0.589001034,13.04419801,0.688036525,273,2.436162647,2.56,0.408239965,10.7,1.029383778,-0.044503967,0.105496033,-0.976763871,0.146019167,2.146019167,0.331633597,2.071428571,Positive,0.149860748,12,0,WEST
